,var,rel.inf,,,
BENE_TRM_BFOR,BENE_TRM_BFOR,17.60008341,,,
BIO_BEFORE_NO_BIO,BIO_BEFORE_NO_BIO,17.42403076,,,
RATE_INCR_PRE,RATE_INCR_PRE,13.95980279,,,
BIO_BEFORE_5_COMPOUND,BIO_BEFORE_5_COMPOUND,11.67769619,,,
ORIG_DBA_BFOR,ORIG_DBA_BFOR,9.64812617,,,
BIO_AFTER_NO_BIO,BIO_AFTER_NO_BIO,8.253133057,,,
ANNL_PREM_AFTR,ANNL_PREM_AFTR,4.045768307,,,
ORIG_DBA_AFTR,ORIG_DBA_AFTR,3.546963997,,,
RATE_INCR,RATE_INCR,3.060929931,,,
BENE_TRM_AFTR,BENE_TRM_AFTR,1.685650286,,,
BIO_AFTER_SIMPLE,BIO_AFTER_SIMPLE,1.482058564,,,
RESPONSE_PRE,RESPONSE_PRE,1.438249346,,,
BIO_AFTER_5_COMPOUND,BIO_AFTER_5_COMPOUND,1.104496799,,,
ANNL_PREM_BFOR,ANNL_PREM_BFOR,0.574527693,,,
TOTL_COMMUNICATED_INCR_RATE,TOTL_COMMUNICATED_INCR_RATE,0.573285312,,,
RATE_INCR_MA,RATE_INCR_MA,0.387322828,,,
IFA_GROUP_STATE_PROD_FAWP,IFA_GROUP_STATE_PROD_FAWP,0.254591616,,,
STATE_MI,STATE_MI,0.200306398,,,
BIO_BEFORE_5_SIMPLE,BIO_BEFORE_5_SIMPLE,0.182828877,,,
RATE_INCR_AFFORD,RATE_INCR_AFFORD,0.172402534,,,
BENEFIT_POOL_ASSET_RATIO,BENEFIT_POOL_ASSET_RATIO,0.138668933,,,
STATE_CT,STATE_CT,0.136105534,,,
STATE_PARTNERSHIP,STATE_PARTNERSHIP,0.129741887,,,
IFA_GROUP_STATE_PROD_OTFA,IFA_GROUP_STATE_PROD_OTFA,0.128149156,,,
FREQ_BFOR_Q,FREQ_BFOR_Q,0.092041559,,,
DECISION_STAGE,DECISION_STAGE,0.090835052,,,
CNT_RBO_PREV1,CNT_RBO_PREV1,0.078666928,,,
STATE_CO,STATE_CO,0.04611269,,,
ZAGG_SSON,ZAGG_SSON,0.035092098,,,
CNT_FPO_PREV1,CNT_FPO_PREV1,0.033849104,,,
PREM_PAID_TOT_2,PREM_PAID_TOT_2,0.02931715,,,
NUM_DECISIONS,NUM_DECISIONS,0.028752888,,,
HH_RETAILCREDIT_NEW,HH_RETAILCREDIT_NEW,0.025199602,,,
HIGHCRD_BANKCARDCREDIT_NEW,HIGHCRD_BANKCARDCREDIT_NEW,0.024469671,,,
PRCNT_AUTOLEASEMATURATION,PRCNT_AUTOLEASEMATURATION,0.023992718,,,
ZAGG_AMAC,ZAGG_AMAC,0.021610936,,,
ZAGG_IOMA,ZAGG_IOMA,0.021517768,,,
ZAGG_AGJOINT,ZAGG_AGJOINT,0.019883918,,,
ZAGG_PRTY_D,ZAGG_PRTY_D,0.018884253,,,
ZAGG_IDRE,ZAGG_IDRE,0.018138175,,,
POLICY_AGE_2,POLICY_AGE_2,0.017600278,,,
ZAGG_PHANDICP,ZAGG_PHANDICP,0.017400876,,,
ZAGG_IDAC,ZAGG_IDAC,0.016975208,,,
ZAGG_PBLADDER,ZAGG_PBLADDER,0.016797423,,,
BINARY_DRUG_RAWSCR,BINARY_DRUG_RAWSCR,0.016100374,,,
OAPLUS,OAPLUS,0.016011476,,,
ZAGG_IHORSE,ZAGG_IHORSE,0.015374832,,,
ZAGG_IPCLUB,ZAGG_IPCLUB,0.015299577,,,
ZAGG_AIRCRAFT,ZAGG_AIRCRAFT,0.014815938,,,
ZAGG_SGDI,ZAGG_SGDI,0.014664721,,,
MINMOB_AUTOFINANCE,MINMOB_AUTOFINANCE,0.014268941,,,
ZAGG_ISSKATE,ZAGG_ISSKATE,0.01409245,,,
MINMOB_NONMTGCREDIT,MINMOB_NONMTGCREDIT,0.013747508,,,
ZAGG_RELECTNC,ZAGG_RELECTNC,0.013643421,,,
BAL_BANKCARDCREDIT_NEW,BAL_BANKCARDCREDIT_NEW,0.013321793,,,
SPENDPAT,SPENDPAT,0.013006669,,,
ZAGG_ZINCDEC_4,ZAGG_ZINCDEC_4,0.012964398,,,
ZAGG_APT_T,ZAGG_APT_T,0.012789631,,,
HH_MTG_COLLECTIONS,HH_MTG_COLLECTIONS,0.012632344,,,
HH_HOMEEQUITYLOANS_NEW,HH_HOMEEQUITYLOANS_NEW,0.012323918,,,
ZAGG_HOMSTAT_Y,ZAGG_HOMSTAT_Y,0.012278033,,,
ZAGG_ESTDII30_7,ZAGG_ESTDII30_7,0.012234429,,,
ZAGG_ABCK,ZAGG_ABCK,0.012216487,,,
ZAGG_RACHILD,ZAGG_RACHILD,0.012049537,,,
ZAGG_PINSOMNA,ZAGG_PINSOMNA,0.011979514,,,
NUM_RETAILCREDIT,NUM_RETAILCREDIT,0.011899719,,,
NUM_OTHERNONMTG,NUM_OTHERNONMTG,0.011797927,,,
INQUIRY_MTG,INQUIRY_MTG,0.011786385,,,
BINARY_NO_RAWSCR,BINARY_NO_RAWSCR,0.01177586,,,
SEV_AC_RAWSCR,SEV_AC_RAWSCR,0.011762323,,,
ZAGG_RSPORTS,ZAGG_RSPORTS,0.011686714,,,
ZAGG_IRST,ZAGG_IRST,0.01163856,,,
ZAGG_IHDIY,ZAGG_IHDIY,0.011120925,,,
ZAGG_BTOTLORD,ZAGG_BTOTLORD,0.010877226,,,
HIGHCRD_HELOC,HIGHCRD_HELOC,0.010765176,,,
BINARY_DIAB_TRANS,BINARY_DIAB_TRANS,0.010639394,,,
BAVGOFDL,BAVGOFDL,0.010631045,,,
NUM_AUTOFINANCE,NUM_AUTOFINANCE,0.010454015,,,
ZAGG_ESTINC30_500,ZAGG_ESTINC30_500,0.010327531,,,
ZAGG_AART,ZAGG_AART,0.009958827,,,
ZAGG_NOC19_1,ZAGG_NOC19_1,0.009918892,,,
SEV_NM_TRANS,SEV_NM_TRANS,0.009869171,,,
ZAGG_INLI,ZAGG_INLI,0.009809075,,,
ZAGG_IHGO,ZAGG_IHGO,0.009764386,,,
ZAGG_PSINUSIT,ZAGG_PSINUSIT,0.009749628,,,
BAL_STUDENTLOAN,BAL_STUDENTLOAN,0.009704489,,,
BAL_HOMEEQUITYLOANS_60DPD,BAL_HOMEEQUITYLOANS_60DPD,0.009574445,,,
SEV_CARDIO_RAWSCR,SEV_CARDIO_RAWSCR,0.009532951,,,
ZAGG_PTRIAL,ZAGG_PTRIAL,0.009368346,,,
ZAGG_AGFOOT,ZAGG_AGFOOT,0.009341816,,,
ZAGG_PALLERG,ZAGG_PALLERG,0.00930893,,,
BAL_NONMTGCREDIT_NEW,BAL_NONMTGCREDIT_NEW,0.009308738,,,
ZAGG_PGASTRIT,ZAGG_PGASTRIT,0.00929582,,,
C210POO,C210POO,0.009240026,,,
ZAGG_C210WHT,ZAGG_C210WHT,0.009223873,,,
ZAGG_IRHMGRDN,ZAGG_IRHMGRDN,0.009216067,,,
ZAGG_IONURSE,ZAGG_IONURSE,0.009058163,,,
ZAGG_NETW30_0312,ZAGG_NETW30_0312,0.009036647,,,
ZAGG_AACN,ZAGG_AACN,0.008933353,,,
BAL_HELOAN_SEVEREDEROG,BAL_HELOAN_SEVEREDEROG,0.008742207,,,
ZAGG_TUOC_D,ZAGG_TUOC_D,0.008725282,,,
ZAGG_IDOT,ZAGG_IDOT,0.008608502,,,
ZAGG_BPAMEXY,ZAGG_BPAMEXY,0.008541031,,,
MEDSUP,MEDSUP,0.00853178,,,
ZAGG_BPVISA,ZAGG_BPVISA,0.008451458,,,
ZAGG_RFURNITR,ZAGG_RFURNITR,0.008411406,,,
BAL_TOTALALLCREDIT_NEW,BAL_TOTALALLCREDIT_NEW,0.008368417,,,
PDPE,PDPE,0.008363992,,,
ZAGG_ATV,ZAGG_ATV,0.008349074,,,
BAL_HOMEEQUITYLOANS,BAL_HOMEEQUITYLOANS,0.008296664,,,
HH_HELOAN_SEVEREDEROG,HH_HELOAN_SEVEREDEROG,0.008214457,,,
NUM_MTGCREDIT_NEW,NUM_MTGCREDIT_NEW,0.008200717,,,
ZAGG_RANOGEN,ZAGG_RANOGEN,0.008199195,,,
ZAGG_ACNC,ZAGG_ACNC,0.008133231,,,
HH_RETAILCREDIT,HH_RETAILCREDIT,0.008052764,,,
ZAGG_OPHOTO,ZAGG_OPHOTO,0.008026812,,,
TUOCS_A,TUOCS_A,0.007941163,,,
ZAGG_ICST,ZAGG_ICST,0.007934009,,,
BINARY_CERV_TRANS,BINARY_CERV_TRANS,0.007896113,,,
ZAGG_SPENDPAT_14,ZAGG_SPENDPAT_14,0.007742873,,,
MINMOB_BANKCARDCREDIT,MINMOB_BANKCARDCREDIT,0.007718036,,,
ZAGG_INOT,ZAGG_INOT,0.007670019,,,
ZAGG_PPROSTAT,ZAGG_PPROSTAT,0.007666268,,,
AACD,AACD,0.007659043,,,
SEV_HERNIA_RAWSCR,SEV_HERNIA_RAWSCR,0.007622916,,,
ZAGG_IPAE,ZAGG_IPAE,0.007583426,,,
IOR_2,IOR_2,0.007539363,,,
C210PDV,C210PDV,0.007518096,,,
ZAGG_IHWO,ZAGG_IHWO,0.007475425,,,
CE,CE,0.007450734,,,
ZAGG_PREMARN,ZAGG_PREMARN,0.007450667,,,
ZAGG_NETW30_0000,ZAGG_NETW30_0000,0.007431168,,,
IOELEOT,IOELEOT,0.007426097,,,
BAL_NONMTGCREDIT,BAL_NONMTGCREDIT,0.007420047,,,
APT_T,APT_T,0.00739524,,,
ZAGG_C210MAH,ZAGG_C210MAH,0.007388216,,,
ZAGG_POSTEOA,ZAGG_POSTEOA,0.007343592,,,
HIGHCRD_CONSUMERFINANCE_NEW,HIGHCRD_CONSUMERFINANCE_NEW,0.007338796,,,
HOMO,HOMO,0.007298516,,,
VOTE,VOTE,0.007219318,,,
ZAGG_ESTINC30_112,ZAGG_ESTINC30_112,0.007144521,,,
ZAGG_ZINCDEC_5,ZAGG_ZINCDEC_5,0.007077416,,,
ZAGG_OHSWARE,ZAGG_OHSWARE,0.007055511,,,
ZAGG_PBRSTCAN,ZAGG_PBRSTCAN,0.007043971,,,
BINARY_DRUG_TRANS,BINARY_DRUG_TRANS,0.00700476,,,
ZAGG_CA11_Y,ZAGG_CA11_Y,0.007004579,,,
BINARY_CERV_RAWSCR,BINARY_CERV_RAWSCR,0.006991462,,,
ZAGG_PARTRSCS,ZAGG_PARTRSCS,0.006986782,,,
ZAGG_IDAN,ZAGG_IDAN,0.006920667,,,
ZAGG_IRSF,ZAGG_IRSF,0.006858466,,,
HIGHCRD_RETAILCREDIT_NEW,HIGHCRD_RETAILCREDIT_NEW,0.006772518,,,
BINARY_NM_RAWSCR,BINARY_NM_RAWSCR,0.006748781,,,
BINARY_RESP_RAWSCR,BINARY_RESP_RAWSCR,0.00670182,,,
ZAGG_HOMSTAT_T,ZAGG_HOMSTAT_T,0.006692085,,,
BINARY_BP_TRANS,BINARY_BP_TRANS,0.006649069,,,
PRCNT_CURRENTADDRESS,PRCNT_CURRENTADDRESS,0.006645997,,,
ZAGG_ISSNWBRD,ZAGG_ISSNWBRD,0.006573395,,,
ZAGG_PSKINMED,ZAGG_PSKINMED,0.006557217,,,
SEV_DIAB_RAWSCR,SEV_DIAB_RAWSCR,0.006537358,,,
ILOR,ILOR,0.006495416,,,
SEV_NM_RAWSCR,SEV_NM_RAWSCR,0.006408243,,,
BAL_AGENCYFIRSTMTG,BAL_AGENCYFIRSTMTG,0.006405496,,,
ZAGG_NETW30_0625,ZAGG_NETW30_0625,0.006379538,,,
HH_NONMTGCREDIT_NEW,HH_NONMTGCREDIT_NEW,0.006318928,,,
ZAGG_IMCH,ZAGG_IMCH,0.006207698,,,
ZAGG_FAM18__N1819_,ZAGG_FAM18__N1819_,0.006139782,,,
ZAGG_RLINENS,ZAGG_RLINENS,0.006136916,,,
ZAGG_ILOR_5,ZAGG_ILOR_5,0.006113512,,,
HH_AUTOFINANCE,HH_AUTOFINANCE,0.006095375,,,
ZAGG_IRCOMICS,ZAGG_IRCOMICS,0.006034851,,,
ZAGG_AHBP,ZAGG_AHBP,0.006025014,,,
BINARY_MUSC_RAWSCR,BINARY_MUSC_RAWSCR,0.006010883,,,
IHSCRAP,IHSCRAP,0.006009796,,,
ZAGG_PBACKPN,ZAGG_PBACKPN,0.005845763,,,
AGVSN,AGVSN,0.005836853,,,
SEV_AC_TRANS,SEV_AC_TRANS,0.005834985,,,
ZAGG_PASTHMA,ZAGG_PASTHMA,0.005711897,,,
ZAGG_IHNETWRK,ZAGG_IHNETWRK,0.00554824,,,
ZAGG_MEDSUP_6,ZAGG_MEDSUP_6,0.00551138,,,
BINARY_DIAB_RAWSCR,BINARY_DIAB_RAWSCR,0.00549107,,,
BINARY_NT_RAWSCR,BINARY_NT_RAWSCR,0.005480546,,,
ZAGG_OANOGEN,ZAGG_OANOGEN,0.005439936,,,
INQUIRY_AUTO,INQUIRY_AUTO,0.005383618,,,
IOVIDGAM,IOVIDGAM,0.005285918,,,
NUM_STUDENTLOAN,NUM_STUDENTLOAN,0.005276266,,,
HH_TOTALALLCREDIT_90TO119DPD,HH_TOTALALLCREDIT_90TO119DPD,0.005219726,,,
ZAGG_IMBBND,ZAGG_IMBBND,0.005215991,,,
ZAGG_MEDSUP_8,ZAGG_MEDSUP_8,0.005149361,,,
ZAGG_NETW30_1000,ZAGG_NETW30_1000,0.00512593,,,
NUM_NONMTGCREDIT_60DPD,NUM_NONMTGCREDIT_60DPD,0.005120718,,,
ZAGG_CSR,ZAGG_CSR,0.005072079,,,
ZAGG_ZINCDEC_1,ZAGG_ZINCDEC_1,0.005009544,,,
ZAGG_ILOR_1014,ZAGG_ILOR_1014,0.005000714,,,
ICSP,ICSP,0.004954323,,,
BAL_HOMEEQUITYLOANS_NEW,BAL_HOMEEQUITYLOANS_NEW,0.004939935,,,
HH_MTGCREDIT,HH_MTGCREDIT,0.004939694,,,
ZAGG_PSIR,ZAGG_PSIR,0.004907423,,,
ZAGG_AFTC,ZAGG_AFTC,0.004901701,,,
ESTINC30,ESTINC30,0.004777664,,,
ZAGG_MORI,ZAGG_MORI,0.004769767,,,
BINARY_PREG_RAWSCR,BINARY_PREG_RAWSCR,0.004757538,,,
ZAGG_IRBI,ZAGG_IRBI,0.00470477,,,
ZAGG_PMENOPS,ZAGG_PMENOPS,0.004703926,,,
ZAGG_PSPINAL,ZAGG_PSPINAL,0.004681261,,,
ZAGG_CA00,ZAGG_CA00,0.00466879,,,
ZAGG_ICAT,ZAGG_ICAT,0.004631476,,,
MINMOB_OTHERNONMTG,MINMOB_OTHERNONMTG,0.004575491,,,
ZAGG_IMCO,ZAGG_IMCO,0.004545987,,,
ZAGG_NOC19_0,ZAGG_NOC19_0,0.004425496,,,
ZAGG_IDNAT,ZAGG_IDNAT,0.004407658,,,
ZAGG_IOPT,ZAGG_IOPT,0.004366077,,,
ZAGG_TUOC_I,ZAGG_TUOC_I,0.004353391,,,
ZAGG_C210PDV,ZAGG_C210PDV,0.004347724,,,
BUYER,BUYER,0.004330307,,,
ZAGG_MEDSUP_5,ZAGG_MEDSUP_5,0.004325666,,,
OSTATION,OSTATION,0.004323257,,,
ESTDII30,ESTDII30,0.004282834,,,
ZAGG_OABIGTLL,ZAGG_OABIGTLL,0.004264165,,,
ELIM_PRD_BFOR,ELIM_PRD_BFOR,0.004227192,,,
ZAGG_SPENDPAT_06,ZAGG_SPENDPAT_06,0.004025308,,,
ZAGG_SPENDPAT_13,ZAGG_SPENDPAT_13,0.003978472,,,
PRCNT_STUDENTLOAN,PRCNT_STUDENTLOAN,0.003945878,,,
ZAGG_ISSC,ZAGG_ISSC,0.00393294,,,
ZAGG_OAWOMEN,ZAGG_OAWOMEN,0.00392855,,,
HIGHCRD_BANKCARDCREDIT,HIGHCRD_BANKCARDCREDIT,0.003928425,,,
ZAGG_ACNT,ZAGG_ACNT,0.003925687,,,
ZAGG_BUYER,ZAGG_BUYER,0.003914534,,,
NUM_HELOC_60DPD,NUM_HELOC_60DPD,0.00390638,,,
C210PDUC,C210PDUC,0.003878267,,,
ZAGG_TUOC_F,ZAGG_TUOC_F,0.003810906,,,
ZAGG_C210PSU,ZAGG_C210PSU,0.003802356,,,
BINARY_NS_RAWSCR,BINARY_NS_RAWSCR,0.003724656,,,
ISBB,ISBB,0.003684545,,,
ZAGG_CA16,ZAGG_CA16,0.003667217,,,
PART_R,PART_R,0.003565849,,,
NUM_CONSUMERFINANCE,NUM_CONSUMERFINANCE,0.00351596,,,
IRTRLENT,IRTRLENT,0.003495828,,,
ZAGG_PCHRNCPN,ZAGG_PCHRNCPN,0.00349323,,,
ZAGG_OATEEN,ZAGG_OATEEN,0.003480767,,,
ISMTRCRS,ISMTRCRS,0.003474468,,,
ZAGG_TUOC_Q,ZAGG_TUOC_Q,0.003441727,,,
ZAGG_HOMSTAT_R,ZAGG_HOMSTAT_R,0.003408548,,,
AOSA,AOSA,0.00330918,,,
BAL_TOTALALLCREDIT_30TO59DPD,BAL_TOTALALLCREDIT_30TO59DPD,0.003230784,,,
HIGHCRD_CONSUMERFINANCE,HIGHCRD_CONSUMERFINANCE,0.00320421,,,
IOMO,IOMO,0.003195901,,,
ZAGG_IRBEST,ZAGG_IRBEST,0.003133883,,,
ZAGG_ANAS,ZAGG_ANAS,0.003106929,,,
NUM_AUTOFINANCE_NEW,NUM_AUTOFINANCE_NEW,0.003015441,,,
PMENOPS,PMENOPS,0.002838504,,,
PGASTRIT,PGASTRIT,0.002827971,,,
MINMOB_RETAILCREDIT,MINMOB_RETAILCREDIT,0.002723976,,,
ZAGG_IMMA,ZAGG_IMMA,0.002463606,,,
CNT_POL,CNT_POL,0,,,NUM_NONMTGCREDIT_60DPD
MISSING_CREDIT_IND,MISSING_CREDIT_IND,0,,,NUM_RETAILCREDIT_60DPD
MISSING_ZAGG_IND,MISSING_ZAGG_IND,0,,,NUM_STUDENTLOAN_60DPD
AACN,AACN,0,,,PRCNT_NONMTGCREDIT
AADD,AADD,0,,,ZAGG_APT_P
AALL,AALL,0,,,ZAGG_BAVGDOLL
AALZ,AALZ,0,,,ZAGG_BAVGOFDL
AANG,AANG,0,,,ZAGG_BAVGONDL
AANX,AANX,0,,,ZAGG_BC_M
AART,AART,0,,,ZAGG_BOFDOLLR
AASM,AASM,0,,,ZAGG_BOFORDER
AASN,AASN,0,,,ZAGG_BONDOLLR
AAST,AAST,0,,,ZAGG_BONORDER
ABBA,ABBA,0,,,ZAGG_BPAMEXY
ABBL,ABBL,0,,,ZAGG_BPCREDIT
ABCE,ABCE,0,,,ZAGG_BPVISA
ABCK,ABCK,0,,,ZAGG_BTOTLDOL
ABED,ABED,0,,,ZAGG_BTOTLORD
ABLD,ABLD,0,,,ZAGG_BUYER
ABRC,ABRC,0,,,ZAGG_C210APVT
ABRT,ABRT,0,,,ZAGG_C210BLU
ACDE,ACDE,0,,,ZAGG_C210BPVT
ACFS,ACFS,0,,,ZAGG_C210CIP
ACGH,ACGH,0,,,ZAGG_C210EBI
ACLD,ACLD,0,,,ZAGG_C210HMI
ACNC,ACNC,0,,,ZAGG_C210HVA
ACNK,ACNK,0,,,ZAGG_C210MOB
ACNS,ACNS,0,,,ZAGG_C210PBL
ACNT,ACNT,0,,,ZAGG_C210PDV
ACPM,ACPM,0,,,ZAGG_C210WHT
ACRN,ACRN,0,,,ZAGG_CCW
ADAN,ADAN,0,,,ZAGG_COLLEGE
ADBT,ADBT,0,,,ZAGG_ESTINC30_007
ADDE,ADDE,0,,,ZAGG_ESTINC30_017
ADEN,ADEN,0,,,ZAGG_ESTINC30_025
ADEP,ADEP,0,,,ZAGG_ESTINC30_035
ADGS,ADGS,0,,,ZAGG_ESTINC30_045
ADIS,ADIS,0,,,ZAGG_ESTINC30_055
ADNT,ADNT,0,,,ZAGG_ESTINC30_067
ADOM,ADOM,0,,,ZAGG_ESTINC30_174
ADOT,ADOT,0,,,ZAGG_ESTINC30_224
ADRY,ADRY,0,,,ZAGG_ESTINC30_324
ADT1,ADT1,0,,,ZAGG_ESTINC30_449
ADT2,ADT2,0,,,ZAGG_ESTINC30_500
ADTU,ADTU,0,,,ZAGG_ESTINC30__AVE_A_
ADUM,ADUM,0,,,ZAGG_FINB
AECZ,AECZ,0,,,ZAGG_HOMSTAT_R
AERC,AERC,0,,,ZAGG_HOMSTAT_T
AFOD,AFOD,0,,,ZAGG_HOMSTAT_U
AFTA,AFTA,0,,,ZAGG_HOMSTAT_Y
AFTC,AFTC,0,,,ZAGG_IDNAT
AGAS,AGAS,0,,,ZAGG_IHGO
AGAST,AGAST,0,,,ZAGG_IHGREEN
AGBLOOD,AGBLOOD,0,,,ZAGG_IHIGHSCL
AGCANCER,AGCANCER,0,,,ZAGG_IHORSE
AGDIAB,AGDIAB,0,,,ZAGG_ILOR_15
AGDIG,AGDIG,0,,,ZAGG_IMGO
AGFEM,AGFEM,0,,,ZAGG_INSHOP
AGFOOT,AGFOOT,0,,,ZAGG_IOLA
AGHEART,AGHEART,0,,,ZAGG_IOMO
AGJOINT,AGJOINT,0,,,ZAGG_IORV
AGMALE,AGMALE,0,,,ZAGG_IOR_6
AGMOUTH,AGMOUTH,0,,,ZAGG_IRAS
AGNOSE,AGNOSE,0,,,ZAGG_ISCA
AGPAIN,AGPAIN,0,,,ZAGG_ITRV
AGPROG,AGPROG,0,,,ZAGG_MEDSUP_9
AGPSYCO,AGPSYCO,0,,,ZAGG_MOBPLUS_M
AGRD,AGRD,0,,,ZAGG_MOBPLUS_P
AGRESP,AGRESP,0,,,ZAGG_NETW30_0000
AGSKIN,AGSKIN,0,,,ZAGG_NETW30_0003
AGURINAR,AGURINAR,0,,,ZAGG_NETW30_0019
AGWEIGHT,AGWEIGHT,0,,,ZAGG_NETW30_0037
AHAR,AHAR,0,,,ZAGG_NETW30_0062
AHBP,AHBP,0,,,ZAGG_NETW30_0087
AHCH,AHCH,0,,,ZAGG_NETW30_0625
AHED,AHED,0,,,ZAGG_NETW30_0875
AHEM,AHEM,0,,,ZAGG_NETW30_1000
AHRA,AHRA,0,,,ZAGG_NETW30__AVE_A_
AHRL,AHRL,0,,,ZAGG_OACHILD
AHRT,AHRT,0,,,ZAGG_OAGEN
AIBS,AIBS,0,,,ZAGG_OAMEN
AILM,AILM,0,,,ZAGG_OANOGEN
AILMENTS,AILMENTS,0,,,ZAGG_OAPETITE
AINS,AINS,0,,,ZAGG_OARTS
AIRCRAFT,AIRCRAFT,0,,,ZAGG_OATEEN
AIRR,AIRR,0,,,ZAGG_OAWOMEN
AKID,AKID,0,,,ZAGG_OCHILDPR
ALAC,ALAC,0,,,ZAGG_OCOMPHMO
ALGT_FLAG,ALGT_FLAG,0,,,ZAGG_OFOOD
ALNG,ALNG,0,,,ZAGG_OFURNITR
AMAC,AMAC,0,,,ZAGG_OGIFT
AMEN,AMEN,0,,,ZAGG_OHMCARE
AMGR,AMGR,0,,,ZAGG_OHOLIDAY
AMLS,AMLS,0,,,ZAGG_OJEWELRY
ANAS,ANAS,0,,,ZAGG_OSPECFD
ANOS,ANOS,0,,,ZAGG_OSTATION
AOST,AOST,0,,,ZAGG_PBRONCH
APAN,APAN,0,,,ZAGG_PDIADIET
APAR,APAR,0,,,ZAGG_PHEARTAT
APRK,APRK,0,,,ZAGG_PHRTMEDS
ARES,ARES,0,,,ZAGG_PORALINJ
ARHM,ARHM,0,,,ZAGG_PPAIN
ASIR,ASIR,0,,,ZAGG_PRESRI
ASKN,ASKN,0,,,ZAGG_PRHEUMTS
ASNR,ASNR,0,,,ZAGG_PSIR
ASTK,ASTK,0,,,ZAGG_PSKINMED
ATNF,ATNF,0,,,ZAGG_PVIAGRA
ATTH,ATTH,0,,,ZAGG_RAGEN
ATV,ATV,0,,,ZAGG_RARTS
AVG_AMOUNT_PAID,AVG_AMOUNT_PAID,0,,,ZAGG_RATEEN
AVIS,AVIS,0,,,ZAGG_RAWOMEN
AWGH,AWGH,0,,,ZAGG_RBOOKS
BAL_1STMTGCREDIT,BAL_1STMTGCREDIT,0,,,ZAGG_RCOMPHMO
BAL_1STMTGCREDIT_60DPD,BAL_1STMTGCREDIT_60DPD,0,,,ZAGG_RCRAFTS
BAL_1STMTGCREDIT_NEW,BAL_1STMTGCREDIT_NEW,0,,,ZAGG_RC_M
BAL_1STMTG_30TO59DPD,BAL_1STMTG_30TO59DPD,0,,,ZAGG_RDOLLARS
BAL_1STMTG_60TO89DPD,BAL_1STMTG_60TO89DPD,0,,,ZAGG_RELECTNC
BAL_1STMTG_90TO119DPD,BAL_1STMTG_90TO119DPD,0,,,ZAGG_RETAIL
BAL_1STMTG_BANKRUPTCY,BAL_1STMTG_BANKRUPTCY,0,,,ZAGG_RHEALTH
BAL_1STMTG_COLLECTIONS,BAL_1STMTG_COLLECTIONS,0,,,ZAGG_RHMFURN
BAL_1STMTG_FORECLOSURE,BAL_1STMTG_FORECLOSURE,0,,,ZAGG_RMUSIC
BAL_1STMTG_SEVEREDEROG,BAL_1STMTG_SEVEREDEROG,0,,,ZAGG_RSTATION
BAL_AGENCY1STMORG_30TO59DPD,BAL_AGENCY1STMORG_30TO59DPD,0,,,ZAGG_SPENDPAT_00
BAL_AGENCY1STMORG_60TO89DPD,BAL_AGENCY1STMORG_60TO89DPD,0,,,ZAGG_SPENDPAT_15
BAL_AGENCY1STMORG_90TO119DP,BAL_AGENCY1STMORG_90TO119DP,0,,,ZAGG_SPENDPAT_16
BAL_AGENCY1STMORG_BANKRUPTC,BAL_AGENCY1STMORG_BANKRUPTC,0,,,ZAGG_SSON
BAL_AGENCY1STMORG_COLLECTIO,BAL_AGENCY1STMORG_COLLECTIO,0,,,ZAGG_TRAD
BAL_AGENCY1STMORG_FORECLOSU,BAL_AGENCY1STMORG_FORECLOSU,0,,,ZAGG_TUOC_B
BAL_AGENCY1STMORG_SEVEREDER,BAL_AGENCY1STMORG_SEVEREDER,0,,,ZAGG_TUOC_C
BAL_AGENCYFIRSTMTG_60DPD,BAL_AGENCYFIRSTMTG_60DPD,0,,,ZAGG_TUOC_H
BAL_AGENCYFIRSTMTG_NEW,BAL_AGENCYFIRSTMTG_NEW,0,,,ZAGG_TUOC_N
BAL_AUTOBANK,BAL_AUTOBANK,0,,,ZAGG_TUOC_S
BAL_AUTOBANK_60DPD,BAL_AUTOBANK_60DPD,0,,,ZAGG_VOTE
BAL_AUTOBANK_NEW,BAL_AUTOBANK_NEW,0,,,ZAGG_Z4HMVALU
BAL_AUTOFINANCE,BAL_AUTOFINANCE,0,,,ZAGG_ZINCDEC_5
BAL_AUTOFINANCE_60DPD,BAL_AUTOFINANCE_60DPD,0,,,APT_P
BAL_AUTOFINANCE_NEW,BAL_AUTOFINANCE_NEW,0,,,APT_T
BAL_BANKCARDCREDIT,BAL_BANKCARDCREDIT,0,,,C210MYS_3
BAL_BANKCARDCREDIT_60DPD,BAL_BANKCARDCREDIT_60DPD,0,,,C210MYS_6
BAL_BANKCARD_30TO59DPD,BAL_BANKCARD_30TO59DPD,0,,,C210MYS_7
BAL_BANKCARD_60TO89DPD,BAL_BANKCARD_60TO89DPD,0,,,FAMP_O
BAL_BANKCARD_90TO119DPD,BAL_BANKCARD_90TO119DPD,0,,,FMLY_PRSNC
BAL_BANKCARD_BANKRUPTCY,BAL_BANKCARD_BANKRUPTCY,0,,,HHCOMP_A
BAL_BANKCARD_COLLECTIONS,BAL_BANKCARD_COLLECTIONS,0,,,HHCOMP_J
BAL_BANKCARD_SEVEREDEROG,BAL_BANKCARD_SEVEREDEROG,0,,,HOMSTAT_P
BAL_CONSUMERFINANCE,BAL_CONSUMERFINANCE,0,,,HOMSTAT_U
BAL_CONSUMERFINANCE_60DPD,BAL_CONSUMERFINANCE_60DPD,0,,,ONLINE_33
BAL_CONSUMERFINANCE_NEW,BAL_CONSUMERFINANCE_NEW,0,,,APT_A
BAL_HELOAN_30TO59DPD,BAL_HELOAN_30TO59DPD,0,,,APT_M
BAL_HELOAN_60TO89DPD,BAL_HELOAN_60TO89DPD,0,,,APT_N
BAL_HELOAN_90TO119DPD,BAL_HELOAN_90TO119DPD,0,,,C210MYS_2
BAL_HELOAN_BANKRUPTCY,BAL_HELOAN_BANKRUPTCY,0,,,CGN1_F
BAL_HELOAN_COLLECTIONS,BAL_HELOAN_COLLECTIONS,0,,,FAMP_M
BAL_HELOAN_FORECLOSURE,BAL_HELOAN_FORECLOSURE,0,,,HHCOMP_D
BAL_HELOC,BAL_HELOC,0,,,HOMSTAT_R
BAL_HELOC_30TO59DPD,BAL_HELOC_30TO59DPD,0,,,HOMSTAT_T
BAL_HELOC_60DPD,BAL_HELOC_60DPD,0,,,IOR_2
BAL_HELOC_60TO89DPD,BAL_HELOC_60TO89DPD,0,,,IOR_4
BAL_HELOC_90TO119DPD,BAL_HELOC_90TO119DPD,0,,,IOR_5
BAL_HELOC_BANKRUPTCY,BAL_HELOC_BANKRUPTCY,0,,,ONLINE_10
BAL_HELOC_COLLECTIONS,BAL_HELOC_COLLECTIONS,0,,,ONLINE_27
BAL_HELOC_FORECLOSURE,BAL_HELOC_FORECLOSURE,0,,,TUOCS_B
BAL_HELOC_NEW,BAL_HELOC_NEW,0,,,TUOCS_D
BAL_HELOC_SEVEREDEROG,BAL_HELOC_SEVEREDEROG,0,,,TUOCS_E
BAL_MTGCREDIT,BAL_MTGCREDIT,0,,,TUOCS_G
BAL_MTGCREDIT_60DPD,BAL_MTGCREDIT_60DPD,0,,,TUOCS_L
BAL_MTGCREDIT_NEW,BAL_MTGCREDIT_NEW,0,,,TUOCS_M
BAL_MTG_30TO59DPD,BAL_MTG_30TO59DPD,0,,,TUOC_C
BAL_MTG_60TO89DPD,BAL_MTG_60TO89DPD,0,,,TUOC_D
BAL_MTG_90TO119DPD,BAL_MTG_90TO119DPD,0,,,TUOC_G
BAL_MTG_BANKRUPTCY,BAL_MTG_BANKRUPTCY,0,,,TUOC_H
BAL_MTG_COLLECTIONS,BAL_MTG_COLLECTIONS,0,,,TUOC_K
BAL_MTG_FORECLOSURE,BAL_MTG_FORECLOSURE,0,,,ANNL_PREM_BFOR
BAL_MTG_SEVEREDEROG,BAL_MTG_SEVEREDEROG,0,,,BENEFIT_POOL_ASSET_RATIO
BAL_NONAGN1STMORG_30TO59DPD,BAL_NONAGN1STMORG_30TO59DPD,0,,,BENE_TRM_BFOR
BAL_NONAGN1STMORG_60TO89DPD,BAL_NONAGN1STMORG_60TO89DPD,0,,,BIO_AFTER_NO_BIO
BAL_NONAGN1STMORG_90TO119DP,BAL_NONAGN1STMORG_90TO119DP,0,,,BIO_BEFORE_NO_BIO
BAL_NONAGN1STMORG_BANKRUPTC,BAL_NONAGN1STMORG_BANKRUPTC,0,,,CLAIM_COUNT_CONTACT_DYNAMIC
BAL_NONAGN1STMORG_COLLECTIO,BAL_NONAGN1STMORG_COLLECTIO,0,,,DECISION_STAGE
BAL_NONAGN1STMORG_FORECLOSU,BAL_NONAGN1STMORG_FORECLOSU,0,,,GENDER_S
BAL_NONAGN1STMORG_SEVEREDER,BAL_NONAGN1STMORG_SEVEREDER,0,,,IFA_GROUP_STATE_PROD_FA
BAL_NONAGNFIRSTMTG,BAL_NONAGNFIRSTMTG,0,,,IF_RED_BENPERIOD
BAL_NONAGNFIRSTMTG_60DPD,BAL_NONAGNFIRSTMTG_60DPD,0,,,IF_RED_BIO
BAL_NONAGNFIRSTMTG_NEW,BAL_NONAGNFIRSTMTG_NEW,0,,,IF_RED_DBA
BAL_NONMTGCREDIT_60DPD,BAL_NONMTGCREDIT_60DPD,0,,,IF_RED_ELIM
BAL_OTHERNONMTG,BAL_OTHERNONMTG,0,,,NUM_DECISIONS
BAL_OTHERNONMTG_60DPD,BAL_OTHERNONMTG_60DPD,0,,,PHASE
BAL_OTHERNONMTG_NEW,BAL_OTHERNONMTG_NEW,0,,,POLICYHOLDER_AGE
BAL_RETAILCREDIT,BAL_RETAILCREDIT,0,,,POLICY_AGE_2
BAL_RETAILCREDIT_60DPD,BAL_RETAILCREDIT_60DPD,0,,,PREM_PAID_TOT_1
BAL_RETAILCREDIT_NEW,BAL_RETAILCREDIT_NEW,0,,,PREM_PAID_TOT_2
BAL_STUDENTLOAN_60DPD,BAL_STUDENTLOAN_60DPD,0,,,RATE_INCR
BAL_STUDENTLOAN_NEW,BAL_STUDENTLOAN_NEW,0,,,RATE_INCR_AFFORD
BAL_TOTALALLCREDIT,BAL_TOTALALLCREDIT,0,,,RBO_NUM_CHANGES
BAL_TOTALALLCREDIT_60DPD,BAL_TOTALALLCREDIT_60DPD,0,,,RESPONSE
BAL_TOTALALLCREDIT_60TO89DPD,BAL_TOTALALLCREDIT_60TO89DPD,0,,,RESPONSE_PRE
BAL_TOTALALLCREDIT_90TO119DPD,BAL_TOTALALLCREDIT_90TO119DPD,0,,,SHARED_POLICY
BAL_TOTALALLCREDIT_BANKRUPTCY,BAL_TOTALALLCREDIT_BANKRUPTCY,0,,,STATE_AK
BAL_TOTALALLCREDIT_COLLECTIONS,BAL_TOTALALLCREDIT_COLLECTIONS,0,,,STATE_MI
BAL_TOTALALLCREDIT_FORECLOSURE,BAL_TOTALALLCREDIT_FORECLOSURE,0,,,STATE_WA
BAL_TOTALALLCREDIT_SEVEREDEROG,BAL_TOTALALLCREDIT_SEVEREDEROG,0,,,STATE_WY
BANK,BANK,0,,,BINARY_NS_RAWSCR
BAVGDOLL,BAVGDOLL,0,,,BINARY_NS_TRANS
BINARY_AC_RAWSCR,BINARY_AC_RAWSCR,0,,,BONDOLLR
BINARY_AC_TRANS,BINARY_AC_TRANS,0,,,IOAPPLE
BINARY_ASTHMA_RAWSCR,BINARY_ASTHMA_RAWSCR,0,,,N2029
BINARY_ASTHMA_TRANS,BINARY_ASTHMA_TRANS,0,,,N65P
BINARY_BP_RAWSCR,BINARY_BP_RAWSCR,0,,,NETW30
BINARY_CARDIO_RAWSCR,BINARY_CARDIO_RAWSCR,0,,,HH_TOTALALLCREDIT_BANKRUPTCY
BINARY_CARDIO_TRANS,BINARY_CARDIO_TRANS,0,,,NUM_AGENCY1STMORG_30TO59DPD
BINARY_HERNIA_RAWSCR,BINARY_HERNIA_RAWSCR,0,,,NUM_TOTALALLCREDIT_BANKRUPTCY
BINARY_HERNIA_TRANS,BINARY_HERNIA_TRANS,0,,,ZAGG_C210B200
BINARY_HYPT_RAWSCR,BINARY_HYPT_RAWSCR,0,,,ZAGG_TUOC_Q
BINARY_HYPT_TRANS,BINARY_HYPT_TRANS,0,,,NETW
BINARY_MENTAL_RAWSCR,BINARY_MENTAL_RAWSCR,0,,,APT_C
BINARY_MENTAL_TRANS,BINARY_MENTAL_TRANS,0,,,
BINARY_MUSC_TRANS,BINARY_MUSC_TRANS,0,,,
BINARY_NF_RAWSCR,BINARY_NF_RAWSCR,0,,,
BINARY_NF_TRANS,BINARY_NF_TRANS,0,,,
BINARY_NM_TRANS,BINARY_NM_TRANS,0,,,
BINARY_NO_TRANS,BINARY_NO_TRANS,0,,,
BINARY_NS_TRANS,BINARY_NS_TRANS,0,,,
BINARY_NT_TRANS,BINARY_NT_TRANS,0,,,
BINARY_PREG_TRANS,BINARY_PREG_TRANS,0,,,
BINARY_RESP_TRANS,BINARY_RESP_TRANS,0,,,
BNKI,BNKI,0,,,
BOAT,BOAT,0,,,
BOFDOLLR,BOFDOLLR,0,,,
BOFORDER,BOFORDER,0,,,
BONDOLLR,BONDOLLR,0,,,
BONORDER,BONORDER,0,,,
BPAMEX,BPAMEX,0,,,
BPCREDIT,BPCREDIT,0,,,
BPDISCVR,BPDISCVR,0,,,
BPHOUSE,BPHOUSE,0,,,
BPMASTER,BPMASTER,0,,,
BPRETAIL,BPRETAIL,0,,,
BPVISA,BPVISA,0,,,
BTOTLDOL,BTOTLDOL,0,,,
BTOTLORD,BTOTLORD,0,,,
C210APVT,C210APVT,0,,,
C210AUTO,C210AUTO,0,,,
C210B200,C210B200,0,,,
C210BLU,C210BLU,0,,,
C210BPVT,C210BPVT,0,,,
C210CIP,C210CIP,0,,,
C210EBI,C210EBI,0,,,
C210HMI,C210HMI,0,,,
C210HVA,C210HVA,0,,,
C210KSES,C210KSES,0,,,
C210M200,C210M200,0,,,
C210MAH,C210MAH,0,,,
C210MOB,C210MOB,0,,,
C210PBL,C210PBL,0,,,
C210PDSC,C210PDSC,0,,,
C210PHI,C210PHI,0,,,
C210PMR,C210PMR,0,,,
C210PMV,C210PMV,0,,,
C210PSU,C210PSU,0,,,
C210PWC,C210PWC,0,,,
C210PWH,C210PWH,0,,,
C210WHT,C210WHT,0,,,
CA00,CA00,0,,,
CA03,CA03,0,,,
CA06,CA06,0,,,
CA11,CA11,0,,,
CA16,CA16,0,,,
CCW,CCW,0,,,
CD,CD,0,,,
CGN1,CGN1,0,,,
CGN2,CGN2,0,,,
CGN3,CGN3,0,,,
CGN4,CGN4,0,,,
CLAIM_COUNT_CLOSED_DYNAMIC,CLAIM_COUNT_CLOSED_DYNAMIC,0,,,
CLAIM_COUNT_CONTACT_DYNAMIC,CLAIM_COUNT_CONTACT_DYNAMIC,0,,,
CLAIM_COUNT_DYNAMIC,CLAIM_COUNT_DYNAMIC,0,,,
CLAIM_COUNT_NP_CLOSED_DYNAMIC,CLAIM_COUNT_NP_CLOSED_DYNAMIC,0,,,
CLAIM_COUNT_OPEN_DYNAMIC,CLAIM_COUNT_OPEN_DYNAMIC,0,,,
CO,CO,0,,,
COLLEGE,COLLEGE,0,,,
CONSHOP,CONSHOP,0,,,
CSR,CSR,0,,,
DERIVED_MARITAL_STATUS,DERIVED_MARITAL_STATUS,0,,,
ELIM_PRD_AFTR,ELIM_PRD_AFTR,0,,,
EMDM,EMDM,0,,,
FINB,FINB,0,,,
FINC,FINC,0,,,
FINI,FINI,0,,,
FMLY_PRSNC,FMLY_PRSNC,0,,,
FURN,FURN,0,,,
GROC,GROC,0,,,
HHMARST,HHMARST,0,,,
HH_1STMTGCREDIT,HH_1STMTGCREDIT,0,,,
HH_1STMTGCREDIT_60DPD,HH_1STMTGCREDIT_60DPD,0,,,
HH_1STMTGCREDIT_NEW,HH_1STMTGCREDIT_NEW,0,,,
HH_1STMTG_30TO59DPD,HH_1STMTG_30TO59DPD,0,,,
HH_1STMTG_60TO89DPD,HH_1STMTG_60TO89DPD,0,,,
HH_1STMTG_90TO119DPD,HH_1STMTG_90TO119DPD,0,,,
HH_1STMTG_BANKRUPTCY,HH_1STMTG_BANKRUPTCY,0,,,
HH_1STMTG_COLLECTIONS,HH_1STMTG_COLLECTIONS,0,,,
HH_1STMTG_FORECLOSURE,HH_1STMTG_FORECLOSURE,0,,,
HH_1STMTG_SEVEREDEROG,HH_1STMTG_SEVEREDEROG,0,,,
HH_AGENCY1STMORG_30TO59DPD,HH_AGENCY1STMORG_30TO59DPD,0,,,
HH_AGENCY1STMORG_60TO89DPD,HH_AGENCY1STMORG_60TO89DPD,0,,,
HH_AGENCY1STMORG_90TO119DPD,HH_AGENCY1STMORG_90TO119DPD,0,,,
HH_AGENCY1STMORG_BANKRUPTCY,HH_AGENCY1STMORG_BANKRUPTCY,0,,,
HH_AGENCY1STMORG_COLLECTION,HH_AGENCY1STMORG_COLLECTION,0,,,
HH_AGENCY1STMORG_FORECLOSUR,HH_AGENCY1STMORG_FORECLOSUR,0,,,
HH_AGENCY1STMORG_SEVEREDERO,HH_AGENCY1STMORG_SEVEREDERO,0,,,
HH_AGENCYFIRSTMTG,HH_AGENCYFIRSTMTG,0,,,
HH_AGENCYFIRSTMTG_60DPD,HH_AGENCYFIRSTMTG_60DPD,0,,,
HH_AGENCYFIRSTMTG_NEW,HH_AGENCYFIRSTMTG_NEW,0,,,
HH_AUTOBANK,HH_AUTOBANK,0,,,
HH_AUTOBANK_60DPD,HH_AUTOBANK_60DPD,0,,,
HH_AUTOBANK_NEW,HH_AUTOBANK_NEW,0,,,
HH_AUTOFINANCE_60DPD,HH_AUTOFINANCE_60DPD,0,,,
HH_AUTOFINANCE_NEW,HH_AUTOFINANCE_NEW,0,,,
HH_BANKCARDCREDIT,HH_BANKCARDCREDIT,0,,,
HH_BANKCARDCREDIT_60DPD,HH_BANKCARDCREDIT_60DPD,0,,,
HH_BANKCARDCREDIT_NEW,HH_BANKCARDCREDIT_NEW,0,,,
HH_BANKCARD_30TO59DPD,HH_BANKCARD_30TO59DPD,0,,,
HH_BANKCARD_60TO89DPD,HH_BANKCARD_60TO89DPD,0,,,
HH_BANKCARD_90TO119DPD,HH_BANKCARD_90TO119DPD,0,,,
HH_BANKCARD_BANKRUPTCY,HH_BANKCARD_BANKRUPTCY,0,,,
HH_BANKCARD_COLLECTIONS,HH_BANKCARD_COLLECTIONS,0,,,
HH_BANKCARD_SEVEREDEROG,HH_BANKCARD_SEVEREDEROG,0,,,
HH_CONSUMERFINANCE,HH_CONSUMERFINANCE,0,,,
HH_CONSUMERFINANCE_60DPD,HH_CONSUMERFINANCE_60DPD,0,,,
HH_CONSUMERFINANCE_NEW,HH_CONSUMERFINANCE_NEW,0,,,
HH_HELOAN_30TO59DPD,HH_HELOAN_30TO59DPD,0,,,
HH_HELOAN_60TO89DPD,HH_HELOAN_60TO89DPD,0,,,
HH_HELOAN_90TO119DPD,HH_HELOAN_90TO119DPD,0,,,
HH_HELOAN_BANKRUPTCY,HH_HELOAN_BANKRUPTCY,0,,,
HH_HELOAN_COLLECTIONS,HH_HELOAN_COLLECTIONS,0,,,
HH_HELOAN_FORECLOSURE,HH_HELOAN_FORECLOSURE,0,,,
HH_HELOC,HH_HELOC,0,,,
HH_HELOC_30TO59DPD,HH_HELOC_30TO59DPD,0,,,
HH_HELOC_60DPD,HH_HELOC_60DPD,0,,,
HH_HELOC_60TO89DPD,HH_HELOC_60TO89DPD,0,,,
HH_HELOC_90TO119DPD,HH_HELOC_90TO119DPD,0,,,
HH_HELOC_BANKRUPTCY,HH_HELOC_BANKRUPTCY,0,,,
HH_HELOC_COLLECTIONS,HH_HELOC_COLLECTIONS,0,,,
HH_HELOC_FORECLOSURE,HH_HELOC_FORECLOSURE,0,,,
HH_HELOC_NEW,HH_HELOC_NEW,0,,,
HH_HELOC_SEVEREDEROG,HH_HELOC_SEVEREDEROG,0,,,
HH_HOMEEQUITYLOANS,HH_HOMEEQUITYLOANS,0,,,
HH_HOMEEQUITYLOANS_60DPD,HH_HOMEEQUITYLOANS_60DPD,0,,,
HH_INCOME,HH_INCOME,0,,,
HH_MTGCREDIT_60DPD,HH_MTGCREDIT_60DPD,0,,,
HH_MTGCREDIT_NEW,HH_MTGCREDIT_NEW,0,,,
HH_MTG_30TO59DPD,HH_MTG_30TO59DPD,0,,,
HH_MTG_60TO89DPD,HH_MTG_60TO89DPD,0,,,
HH_MTG_90TO119DPD,HH_MTG_90TO119DPD,0,,,
HH_MTG_BANKRUPTCY,HH_MTG_BANKRUPTCY,0,,,
HH_MTG_FORECLOSURE,HH_MTG_FORECLOSURE,0,,,
HH_MTG_SEVEREDEROG,HH_MTG_SEVEREDEROG,0,,,
HH_NONAGN1STMORG_30TO59DPD,HH_NONAGN1STMORG_30TO59DPD,0,,,
HH_NONAGN1STMORG_60TO89DPD,HH_NONAGN1STMORG_60TO89DPD,0,,,
HH_NONAGN1STMORG_90TO119DPD,HH_NONAGN1STMORG_90TO119DPD,0,,,
HH_NONAGN1STMORG_BANKRUPTCY,HH_NONAGN1STMORG_BANKRUPTCY,0,,,
HH_NONAGN1STMORG_COLLECTION,HH_NONAGN1STMORG_COLLECTION,0,,,
HH_NONAGN1STMORG_FORECLOSUR,HH_NONAGN1STMORG_FORECLOSUR,0,,,
HH_NONAGN1STMORG_SEVEREDERO,HH_NONAGN1STMORG_SEVEREDERO,0,,,
HH_NONAGNFIRSTMTG,HH_NONAGNFIRSTMTG,0,,,
HH_NONAGNFIRSTMTG_60DPD,HH_NONAGNFIRSTMTG_60DPD,0,,,
HH_NONAGNFIRSTMTG_NEW,HH_NONAGNFIRSTMTG_NEW,0,,,
HH_NONMTGCREDIT,HH_NONMTGCREDIT,0,,,
HH_NONMTGCREDIT_60DPD,HH_NONMTGCREDIT_60DPD,0,,,
HH_OTHERNONMTG,HH_OTHERNONMTG,0,,,
HH_OTHERNONMTG_60DPD,HH_OTHERNONMTG_60DPD,0,,,
HH_OTHERNONMTG_NEW,HH_OTHERNONMTG_NEW,0,,,
HH_RETAILCREDIT_60DPD,HH_RETAILCREDIT_60DPD,0,,,
HH_STUDENTLOAN,HH_STUDENTLOAN,0,,,
HH_STUDENTLOAN_60DPD,HH_STUDENTLOAN_60DPD,0,,,
HH_STUDENTLOAN_NEW,HH_STUDENTLOAN_NEW,0,,,
HH_TOTALALLCREDIT,HH_TOTALALLCREDIT,0,,,
HH_TOTALALLCREDIT_30TO59DPD,HH_TOTALALLCREDIT_30TO59DPD,0,,,
HH_TOTALALLCREDIT_60DPD,HH_TOTALALLCREDIT_60DPD,0,,,
HH_TOTALALLCREDIT_60TO89DPD,HH_TOTALALLCREDIT_60TO89DPD,0,,,
HH_TOTALALLCREDIT_BANKRUPTCY,HH_TOTALALLCREDIT_BANKRUPTCY,0,,,
HH_TOTALALLCREDIT_COLLECTIONS,HH_TOTALALLCREDIT_COLLECTIONS,0,,,
HH_TOTALALLCREDIT_FORECLOSURE,HH_TOTALALLCREDIT_FORECLOSURE,0,,,
HH_TOTALALLCREDIT_NEW,HH_TOTALALLCREDIT_NEW,0,,,
HH_TOTALALLCREDIT_SEVEREDEROG,HH_TOTALALLCREDIT_SEVEREDEROG,0,,,
HIGHCRD_1STMTGCREDIT,HIGHCRD_1STMTGCREDIT,0,,,
HIGHCRD_1STMTGCREDIT_NEW,HIGHCRD_1STMTGCREDIT_NEW,0,,,
HIGHCRD_AGENCYFIRSTMTG,HIGHCRD_AGENCYFIRSTMTG,0,,,
HIGHCRD_AGENCYFIRSTMTG_NEW,HIGHCRD_AGENCYFIRSTMTG_NEW,0,,,
HIGHCRD_AUTOBANK,HIGHCRD_AUTOBANK,0,,,
HIGHCRD_AUTOBANK_NEW,HIGHCRD_AUTOBANK_NEW,0,,,
HIGHCRD_AUTOFINANCE,HIGHCRD_AUTOFINANCE,0,,,
HIGHCRD_AUTOFINANCE_NEW,HIGHCRD_AUTOFINANCE_NEW,0,,,
HIGHCRD_HELOC_NEW,HIGHCRD_HELOC_NEW,0,,,
HIGHCRD_HOMEEQUITYLOANS,HIGHCRD_HOMEEQUITYLOANS,0,,,
HIGHCRD_HOMEEQUITYLOANS_NEW,HIGHCRD_HOMEEQUITYLOANS_NEW,0,,,
HIGHCRD_MTGCREDIT,HIGHCRD_MTGCREDIT,0,,,
HIGHCRD_MTGCREDIT_NEW,HIGHCRD_MTGCREDIT_NEW,0,,,
HIGHCRD_NONAGNFIRSTMORT_NEW,HIGHCRD_NONAGNFIRSTMORT_NEW,0,,,
HIGHCRD_NONAGNFIRSTMTG,HIGHCRD_NONAGNFIRSTMTG,0,,,
HIGHCRD_NONMTGCREDIT,HIGHCRD_NONMTGCREDIT,0,,,
HIGHCRD_NONMTGCREDIT_NEW,HIGHCRD_NONMTGCREDIT_NEW,0,,,
HIGHCRD_OTHERNONMTG,HIGHCRD_OTHERNONMTG,0,,,
HIGHCRD_OTHERNONMTG_NEW,HIGHCRD_OTHERNONMTG_NEW,0,,,
HIGHCRD_RETAILCREDIT,HIGHCRD_RETAILCREDIT,0,,,
HIGHCRD_STUDENTLOAN,HIGHCRD_STUDENTLOAN,0,,,
HIGHCRD_STUDENTLOAN_NEW,HIGHCRD_STUDENTLOAN_NEW,0,,,
HIGHCRD_TOTALALLCREDIT,HIGHCRD_TOTALALLCREDIT,0,,,
HIGHCRD_TOTALALLCREDIT_NEW,HIGHCRD_TOTALALLCREDIT_NEW,0,,,
HIR,HIR,0,,,
HOMI,HOMI,0,,,
HTFH,HTFH,0,,,
IC,IC,0,,,
ICAT,ICAT,0,,,
ICCO,ICCO,0,,,
ICDO,ICDO,0,,,
ICFA,ICFA,0,,,
ICFI,ICFI,0,,,
ICOT,ICOT,0,,,
ICPL,ICPL,0,,,
ICST,ICST,0,,,
IDAC,IDAC,0,,,
IDAN,IDAN,0,,,
IDC,IDC,0,,,
IDCH,IDCH,0,,,
IDEN,IDEN,0,,,
IDHE,IDHE,0,,,
IDLOW,IDLOW,0,,,
IDNAT,IDNAT,0,,,
IDOG,IDOG,0,,,
IDOT,IDOT,0,,,
IDPC,IDPC,0,,,
IDPL,IDPL,0,,,
IDRE,IDRE,0,,,
IDVE,IDVE,0,,,
IDVIT,IDVIT,0,,,
IDWGHT,IDWGHT,0,,,
IF_SPOUSE_DISC,IF_SPOUSE_DISC,0,,,
IGC,IGC,0,,,
IHBA,IHBA,0,,,
IHBEAD,IHBEAD,0,,,
IHBI,IHBI,0,,,
IHCA,IHCA,0,,,
IHCAC,IHCAC,0,,,
IHCF,IHCF,0,,,
IHCG,IHCG,0,,,
IHCI,IHCI,0,,,
IHCLF,IHCLF,0,,,
IHCO,IHCO,0,,,
IHCR,IHCR,0,,,
IHDIY,IHDIY,0,,,
IHEX,IHEX,0,,,
IHGA,IHGA,0,,,
IHGF,IHGF,0,,,
IHGO,IHGO,0,,,
IHGREEN,IHGREEN,0,,,
IHGV,IHGV,0,,,
IHH,IHH,0,,,
IHHI,IHHI,0,,,
IHHS,IHHS,0,,,
IHIGHSCL,IHIGHSCL,0,,,
IHKN,IHKN,0,,,
IHLO,IHLO,0,,,
IHNETWRK,IHNETWRK,0,,,
IHORSE,IHORSE,0,,,
IHPH,IHPH,0,,,
IHQU,IHQU,0,,,
IHSE,IHSE,0,,,
IHSPTWEL,IHSPTWEL,0,,,
IHSW,IHSW,0,,,
IHTH,IHTH,0,,,
IHWI,IHWI,0,,,
IHWO,IHWO,0,,,
IIND,IIND,0,,,
IMALT,IMALT,0,,,
IMBBND,IMBBND,0,,,
IMBM,IMBM,0,,,
IMBO,IMBO,0,,,
IMCH,IMCH,0,,,
IMCL,IMCL,0,,,
IMCO,IMCO,0,,,
IMCS,IMCS,0,,,
IMCU,IMCU,0,,,
IMDV,IMDV,0,,,
IMFO,IMFO,0,,,
IMGI,IMGI,0,,,
IMGO,IMGO,0,,,
IMHO,IMHO,0,,,
IMJA,IMJA,0,,,
IMJE,IMJE,0,,,
IMMA,IMMA,0,,,
IMOR,IMOR,0,,,
IMOT,IMOT,0,,,
IMPS,IMPS,0,,,
IMRH,IMRH,0,,,
IMRO,IMRO,0,,,
IMSO,IMSO,0,,,
IN401K,IN401K,0,,,
INCD,INCD,0,,,
INDMARST,INDMARST,0,,,
INIRA,INIRA,0,,,
INLI,INLI,0,,,
INMEDI,INMEDI,0,,,
INMU,INMU,0,,,
INNOMEDI,INNOMEDI,0,,,
INOT,INOT,0,,,
INQUIRY_BANKCARD,INQUIRY_BANKCARD,0,,,
INQUIRY_CONSUMERFINANCE,INQUIRY_CONSUMERFINANCE,0,,,
INQUIRY_HOMEEQUITYLOAN,INQUIRY_HOMEEQUITYLOAN,0,,,
INQUIRY_MISCELLANEOUS,INQUIRY_MISCELLANEOUS,0,,,
INQUIRY_RETAILCARD,INQUIRY_RETAILCARD,0,,,
INRE,INRE,0,,,
INSB,INSB,0,,,
INSHOP,INSHOP,0,,,
INTSTMED,INTSTMED,0,,,
INVE,INVE,0,,,
IOAPPLE,IOAPPLE,0,,,
IOATV,IOATV,0,,,
IOCABLE,IOCABLE,0,,,
IOCD,IOCD,0,,,
IOCE,IOCE,0,,,
IODIGITL,IODIGITL,0,,,
IODOCTOR,IODOCTOR,0,,,
IODVDPLR,IODVDPLR,0,,,
IODVR,IODVR,0,,,
IOFULL,IOFULL,0,,,
IOGPS,IOGPS,0,,,
IOHDTV,IOHDTV,0,,,
IOHISPED,IOHISPED,0,,,
IOHMTHR,IOHMTHR,0,,,
IOHO,IOHO,0,,,
IOLP,IOLP,0,,,
IOMA,IOMA,0,,,
IOMG,IOMG,0,,,
IONURSE,IONURSE,0,,,
IOOW,IOOW,0,,,
IOPART,IOPART,0,,,
IOPT,IOPT,0,,,
IORE,IORE,0,,,
IORV,IORV,0,,,
IOSA,IOSA,0,,,
IOSATELL,IOSATELL,0,,,
IOSATRAD,IOSATRAD,0,,,
IOSE,IOSE,0,,,
IOSMART,IOSMART,0,,,
IOST,IOST,0,,,
IOSW,IOSW,0,,,
IOTEACHR,IOTEACHR,0,,,
IOTR,IOTR,0,,,
IPAE,IPAE,0,,,
IPBEAUTY,IPBEAUTY,0,,,
IPCLUB,IPCLUB,0,,,
IPCOUPON,IPCOUPON,0,,,
IPDECOR,IPDECOR,0,,,
IPDI,IPDI,0,,,
IPFFOOD,IPFFOOD,0,,,
IPOT,IPOT,0,,,
IPSPCBTY,IPSPCBTY,0,,,
IPSR,IPSR,0,,,
IPVM,IPVM,0,,,
IRAE,IRAE,0,,,
IRAS,IRAS,0,,,
IRBEST,IRBEST,0,,,
IRBF,IRBF,0,,,
IRBI,IRBI,0,,,
IRBKCLUB,IRBKCLUB,0,,,
IRBT,IRBT,0,,,
IRCH,IRCH,0,,,
IRCK,IRCK,0,,,
IRCL,IRCL,0,,,
IRCO,IRCO,0,,,
IRCOMICS,IRCOMICS,0,,,
IRDEBIT,IRDEBIT,0,,,
IRDI,IRDI,0,,,
IREA,IREA,0,,,
IRFA,IRFA,0,,,
IRFINAN,IRFINAN,0,,,
IRHI,IRHI,0,,,
IRHMGRDN,IRHMGRDN,0,,,
IRIN,IRIN,0,,,
IRMAGAZN,IRMAGAZN,0,,,
IRME,IRME,0,,,
IRMI,IRMI,0,,,
IRMY,IRMY,0,,,
IRNA,IRNA,0,,,
IROT,IROT,0,,,
IRPE,IRPE,0,,,
IRRO,IRRO,0,,,
IRSELF,IRSELF,0,,,
IRSF,IRSF,0,,,
IRSP,IRSP,0,,,
IRSR,IRSR,0,,,
IRST,IRST,0,,,
IRTHRLL,IRTHRLL,0,,,
IRVM,IRVM,0,,,
IRWO,IRWO,0,,,
ISBK,ISBK,0,,,
ISBO,ISBO,0,,,
ISBY,ISBY,0,,,
ISCA,ISCA,0,,,
ISEXTREM,ISEXTREM,0,,,
ISFI,ISFI,0,,,
ISFO,ISFO,0,,,
ISFS,ISFS,0,,,
ISGO,ISGO,0,,,
ISHO,ISHO,0,,,
ISHU,ISHU,0,,,
ISHUM,ISHUM,0,,,
ISNA,ISNA,0,,,
ISOT,ISOT,0,,,
ISPO,ISPO,0,,,
ISROLLER,ISROLLER,0,,,
ISRU,ISRU,0,,,
ISSC,ISSC,0,,,
ISSKATE,ISSKATE,0,,,
ISSN,ISSN,0,,,
ISSNWBRD,ISSNWBRD,0,,,
ISTE,ISTE,0,,,
ISWA,ISWA,0,,,
ISWL,ISWL,0,,,
ITBI,ITBI,0,,,
ITBU,ITBU,0,,,
ITCV,ITCV,0,,,
ITFF,ITFF,0,,,
ITFV,ITFV,0,,,
ITPI,ITPI,0,,,
ITPU,ITPU,0,,,
ITRV,ITRV,0,,,
ITTIME,ITTIME,0,,,
IVCR,IVCR,0,,,
IVET,IVET,0,,,
IVPARKS,IVPARKS,0,,,
LIMITED_PAY,LIMITED_PAY,0,,,
LOWD,LOWD,0,,,
MEDA,MEDA,0,,,
MEMW,MEMW,0,,,
MINMOB_1STMTGCREDIT,MINMOB_1STMTGCREDIT,0,,,
MINMOB_AGENCYFIRSTMTG,MINMOB_AGENCYFIRSTMTG,0,,,
MINMOB_AUTOBANK,MINMOB_AUTOBANK,0,,,
MINMOB_CONSUMERFINANCE,MINMOB_CONSUMERFINANCE,0,,,
MINMOB_HELOC,MINMOB_HELOC,0,,,
MINMOB_HOMEEQUITYLOANS,MINMOB_HOMEEQUITYLOANS,0,,,
MINMOB_MTGCREDIT,MINMOB_MTGCREDIT,0,,,
MINMOB_NONAGN,MINMOB_NONAGN,0,,,
MINMOB_STUDENTLOAN,MINMOB_STUDENTLOAN,0,,,
MINMOB_TOTALALLCREDIT,MINMOB_TOTALALLCREDIT,0,,,
MISC,MISC,0,,,
MSR,MSR,0,,,
N1819,N1819,0,,,
N2029,N2029,0,,,
N3039,N3039,0,,,
N4049,N4049,0,,,
N5059,N5059,0,,,
N6064,N6064,0,,,
N65P,N65P,0,,,
NAH19,NAH19,0,,,
NETW,NETW,0,,,
NETW30,NETW30,0,,,
NOC19,NOC19,0,,,
NPH19,NPH19,0,,,
NUM_1STMTGCREDIT,NUM_1STMTGCREDIT,0,,,
NUM_1STMTGCREDIT_60DPD,NUM_1STMTGCREDIT_60DPD,0,,,
NUM_1STMTGCREDIT_NEW,NUM_1STMTGCREDIT_NEW,0,,,
NUM_1STMTG_30TO59DPD,NUM_1STMTG_30TO59DPD,0,,,
NUM_1STMTG_60TO89DPD,NUM_1STMTG_60TO89DPD,0,,,
NUM_1STMTG_90TO119DPD,NUM_1STMTG_90TO119DPD,0,,,
NUM_1STMTG_BANKRUPTCY,NUM_1STMTG_BANKRUPTCY,0,,,
NUM_1STMTG_COLLECTIONS,NUM_1STMTG_COLLECTIONS,0,,,
NUM_1STMTG_FORECLOSURE,NUM_1STMTG_FORECLOSURE,0,,,
NUM_1STMTG_SEVEREDEROG,NUM_1STMTG_SEVEREDEROG,0,,,
NUM_AGENCY1STMORG_30TO59DPD,NUM_AGENCY1STMORG_30TO59DPD,0,,,
NUM_AGENCY1STMORG_60TO89DPD,NUM_AGENCY1STMORG_60TO89DPD,0,,,
NUM_AGENCY1STMORG_90TO119DP,NUM_AGENCY1STMORG_90TO119DP,0,,,
NUM_AGENCY1STMORG_BANKRUPTC,NUM_AGENCY1STMORG_BANKRUPTC,0,,,
NUM_AGENCY1STMORG_COLLECTIO,NUM_AGENCY1STMORG_COLLECTIO,0,,,
NUM_AGENCY1STMORG_FORECLOSU,NUM_AGENCY1STMORG_FORECLOSU,0,,,
NUM_AGENCY1STMORG_SEVEREDER,NUM_AGENCY1STMORG_SEVEREDER,0,,,
NUM_AGENCYFIRSTMTG,NUM_AGENCYFIRSTMTG,0,,,
NUM_AGENCYFIRSTMTG_60DPD,NUM_AGENCYFIRSTMTG_60DPD,0,,,
NUM_AGENCYFIRSTMTG_NEW,NUM_AGENCYFIRSTMTG_NEW,0,,,
NUM_AUTOBANK,NUM_AUTOBANK,0,,,
NUM_AUTOBANK_60DPD,NUM_AUTOBANK_60DPD,0,,,
NUM_AUTOBANK_NEW,NUM_AUTOBANK_NEW,0,,,
NUM_AUTOFINANCE_60DPD,NUM_AUTOFINANCE_60DPD,0,,,
NUM_BANKCARDCREDIT,NUM_BANKCARDCREDIT,0,,,
NUM_BANKCARDCREDIT_60DPD,NUM_BANKCARDCREDIT_60DPD,0,,,
NUM_BANKCARDCREDIT_NEW,NUM_BANKCARDCREDIT_NEW,0,,,
NUM_BANKCARD_30TO59DPD,NUM_BANKCARD_30TO59DPD,0,,,
NUM_BANKCARD_60TO89DPD,NUM_BANKCARD_60TO89DPD,0,,,
NUM_BANKCARD_90TO119DPD,NUM_BANKCARD_90TO119DPD,0,,,
NUM_BANKCARD_BANKRUPTCY,NUM_BANKCARD_BANKRUPTCY,0,,,
NUM_BANKCARD_COLLECTIONS,NUM_BANKCARD_COLLECTIONS,0,,,
NUM_BANKCARD_SEVEREDEROG,NUM_BANKCARD_SEVEREDEROG,0,,,
NUM_CONSUMERFINANCE_60DPD,NUM_CONSUMERFINANCE_60DPD,0,,,
NUM_CONSUMERFINANCE_NEW,NUM_CONSUMERFINANCE_NEW,0,,,
NUM_HELOAN_30TO59DPD,NUM_HELOAN_30TO59DPD,0,,,
NUM_HELOAN_60TO89DPD,NUM_HELOAN_60TO89DPD,0,,,
NUM_HELOAN_90TO119DPD,NUM_HELOAN_90TO119DPD,0,,,
NUM_HELOAN_BANKRUPTCY,NUM_HELOAN_BANKRUPTCY,0,,,
NUM_HELOAN_COLLECTIONS,NUM_HELOAN_COLLECTIONS,0,,,
NUM_HELOAN_FORECLOSURE,NUM_HELOAN_FORECLOSURE,0,,,
NUM_HELOAN_SEVEREDEROG,NUM_HELOAN_SEVEREDEROG,0,,,
NUM_HELOC,NUM_HELOC,0,,,
NUM_HELOC_30TO59DPD,NUM_HELOC_30TO59DPD,0,,,
NUM_HELOC_60TO89DPD,NUM_HELOC_60TO89DPD,0,,,
NUM_HELOC_90TO119DPD,NUM_HELOC_90TO119DPD,0,,,
NUM_HELOC_BANKRUPTCY,NUM_HELOC_BANKRUPTCY,0,,,
NUM_HELOC_COLLECTIONS,NUM_HELOC_COLLECTIONS,0,,,
NUM_HELOC_FORECLOSURE,NUM_HELOC_FORECLOSURE,0,,,
NUM_HELOC_NEW,NUM_HELOC_NEW,0,,,
NUM_HELOC_SEVEREDEROG,NUM_HELOC_SEVEREDEROG,0,,,
NUM_HOMEEQUITYLOANS,NUM_HOMEEQUITYLOANS,0,,,
NUM_HOMEEQUITYLOANS_60DPD,NUM_HOMEEQUITYLOANS_60DPD,0,,,
NUM_HOMEEQUITYLOANS_NEW,NUM_HOMEEQUITYLOANS_NEW,0,,,
NUM_MTGCREDIT,NUM_MTGCREDIT,0,,,
NUM_MTGCREDIT_60DPD,NUM_MTGCREDIT_60DPD,0,,,
NUM_MTG_30TO59DPD,NUM_MTG_30TO59DPD,0,,,
NUM_MTG_60TO89DPD,NUM_MTG_60TO89DPD,0,,,
NUM_MTG_90TO119DPD,NUM_MTG_90TO119DPD,0,,,
NUM_MTG_BANKRUPTCY,NUM_MTG_BANKRUPTCY,0,,,
NUM_MTG_COLLECTIONS,NUM_MTG_COLLECTIONS,0,,,
NUM_MTG_FORECLOSURE,NUM_MTG_FORECLOSURE,0,,,
NUM_MTG_SEVEREDEROG,NUM_MTG_SEVEREDEROG,0,,,
NUM_NONAGN1STMORG_30TO59DPD,NUM_NONAGN1STMORG_30TO59DPD,0,,,
NUM_NONAGN1STMORG_60TO89DPD,NUM_NONAGN1STMORG_60TO89DPD,0,,,
NUM_NONAGN1STMORG_90TO119DP,NUM_NONAGN1STMORG_90TO119DP,0,,,
NUM_NONAGN1STMORG_BANKRUPTC,NUM_NONAGN1STMORG_BANKRUPTC,0,,,
NUM_NONAGN1STMORG_COLLECTIO,NUM_NONAGN1STMORG_COLLECTIO,0,,,
NUM_NONAGN1STMORG_FORECLOSU,NUM_NONAGN1STMORG_FORECLOSU,0,,,
NUM_NONAGN1STMORG_SEVEREDER,NUM_NONAGN1STMORG_SEVEREDER,0,,,
NUM_NONAGNFIRSTMTG,NUM_NONAGNFIRSTMTG,0,,,
NUM_NONAGNFIRSTMTG_60DPD,NUM_NONAGNFIRSTMTG_60DPD,0,,,
NUM_NONAGNFIRSTMTG_NEW,NUM_NONAGNFIRSTMTG_NEW,0,,,
NUM_NONMTGCREDIT,NUM_NONMTGCREDIT,0,,,
NUM_NONMTGCREDIT_NEW,NUM_NONMTGCREDIT_NEW,0,,,
NUM_OTHERNONMTG_60DPD,NUM_OTHERNONMTG_60DPD,0,,,
NUM_OTHERNONMTG_NEW,NUM_OTHERNONMTG_NEW,0,,,
NUM_RETAILCREDIT_60DPD,NUM_RETAILCREDIT_60DPD,0,,,
NUM_RETAILCREDIT_NEW,NUM_RETAILCREDIT_NEW,0,,,
NUM_STUDENTLOAN_60DPD,NUM_STUDENTLOAN_60DPD,0,,,
NUM_STUDENTLOAN_NEW,NUM_STUDENTLOAN_NEW,0,,,
NUM_TOTALALLCREDIT,NUM_TOTALALLCREDIT,0,,,
NUM_TOTALALLCREDIT_30TO59DPD,NUM_TOTALALLCREDIT_30TO59DPD,0,,,
NUM_TOTALALLCREDIT_60DPD,NUM_TOTALALLCREDIT_60DPD,0,,,
NUM_TOTALALLCREDIT_60TO89DPD,NUM_TOTALALLCREDIT_60TO89DPD,0,,,
NUM_TOTALALLCREDIT_90TO119DPD,NUM_TOTALALLCREDIT_90TO119DPD,0,,,
NUM_TOTALALLCREDIT_BANKRUPTCY,NUM_TOTALALLCREDIT_BANKRUPTCY,0,,,
NUM_TOTALALLCREDIT_COLLECTIONS,NUM_TOTALALLCREDIT_COLLECTIONS,0,,,
NUM_TOTALALLCREDIT_FORECLOSURE,NUM_TOTALALLCREDIT_FORECLOSURE,0,,,
NUM_TOTALALLCREDIT_NEW,NUM_TOTALALLCREDIT_NEW,0,,,
NUM_TOTALALLCREDIT_SEVEREDEROG,NUM_TOTALALLCREDIT_SEVEREDEROG,0,,,
NXSD,NXSD,0,,,
OABIGTLL,OABIGTLL,0,,,
OACHILD,OACHILD,0,,,
OAGEN,OAGEN,0,,,
OAMEN,OAMEN,0,,,
OANOGEN,OANOGEN,0,,,
OAPETITE,OAPETITE,0,,,
OARTS,OARTS,0,,,
OATEEN,OATEEN,0,,,
OAUTO,OAUTO,0,,,
OAWOMEN,OAWOMEN,0,,,
OBEAUTY,OBEAUTY,0,,,
OBOOKS,OBOOKS,0,,,
OCHILDPR,OCHILDPR,0,,,
OCOLLECT,OCOLLECT,0,,,
OCOMPHMO,OCOMPHMO,0,,,
OCRAFTS,OCRAFTS,0,,,
OELECTNC,OELECTNC,0,,,
OFOOD,OFOOD,0,,,
OFURNITR,OFURNITR,0,,,
OGARDEN,OGARDEN,0,,,
OGEN,OGEN,0,,,
OGIFT,OGIFT,0,,,
OHEALTH,OHEALTH,0,,,
OHMCARE,OHMCARE,0,,,
OHMFURN,OHMFURN,0,,,
OHOLIDAY,OHOLIDAY,0,,,
OHSWARE,OHSWARE,0,,,
OILC,OILC,0,,,
OJEWELRY,OJEWELRY,0,,,
OLINENS,OLINENS,0,,,
OMUSIC,OMUSIC,0,,,
ONLA,ONLA,0,,,
ONOVEL,ONOVEL,0,,,
OOTHER,OOTHER,0,,,
OPA,OPA,0,,,
OPERCARE,OPERCARE,0,,,
OPETS,OPETS,0,,,
OPHOTO,OPHOTO,0,,,
OSPECFD,OSPECFD,0,,,
OSPECGFT,OSPECGFT,0,,,
OSPORTS,OSPORTS,0,,,
OTRAVEL,OTRAVEL,0,,,
OVIDDVD,OVIDDVD,0,,,
PACNE,PACNE,0,,,
PADHDADD,PADHDADD,0,,,
PADHDADM,PADHDADM,0,,,
PALLERG,PALLERG,0,,,
PALLERGY,PALLERGY,0,,,
PALZHMR,PALZHMR,0,,,
PANTIDEP,PANTIDEP,0,,,
PANXIETY,PANXIETY,0,,,
PARTHITS,PARTHITS,0,,,
PARTHRTS,PARTHRTS,0,,,
PARTRSCS,PARTRSCS,0,,,
PASTHMA,PASTHMA,0,,,
PASTHMAM,PASTHMAM,0,,,
PATHFOOT,PATHFOOT,0,,,
PBACKPN,PBACKPN,0,,,
PBED,PBED,0,,,
PBIPMEDS,PBIPMEDS,0,,,
PBIPOLAR,PBIPOLAR,0,,,
PBLADDER,PBLADDER,0,,,
PBLOOD,PBLOOD,0,,,
PBRONCH,PBRONCH,0,,,
PBRSTCAN,PBRSTCAN,0,,,
PCANCER,PCANCER,0,,,
PCARPAL,PCARPAL,0,,,
PCHODIET,PCHODIET,0,,,
PCHOLMED,PCHOLMED,0,,,
PCHRNCPN,PCHRNCPN,0,,,
PCLDSORE,PCLDSORE,0,,,
PCOLITIS,PCOLITIS,0,,,
PCOLON,PCOLON,0,,,
PCONSTIP,PCONSTIP,0,,,
PCOPD,PCOPD,0,,,
PCORRECT,PCORRECT,0,,,
PCROHNS,PCROHNS,0,,,
PDANDRUF,PDANDRUF,0,,,
PDENTURE,PDENTURE,0,,,
PDEPRESS,PDEPRESS,0,,,
PDETROL,PDETROL,0,,,
PDIABETE,PDIABETE,0,,,
PDIADIET,PDIADIET,0,,,
PDIAINSU,PDIAINSU,0,,,
PDIAORAL,PDIAORAL,0,,,
PDIAOTHR,PDIAOTHR,0,,,
PDIATYP1,PDIATYP1,0,,,
PDIATYP2,PDIATYP2,0,,,
PDNT,PDNT,0,,,
PDRY,PDRY,0,,,
PECZEMA,PECZEMA,0,,,
PEMPHYSM,PEMPHYSM,0,,,
PEPIL,PEPIL,0,,,
PFALLERG,PFALLERG,0,,,
PGAS,PGAS,0,,,
PGERDACD,PGERDACD,0,,,
PGINGIVT,PGINGIVT,0,,,
PGLCOPHG,PGLCOPHG,0,,,
PHAIRLSS,PHAIRLSS,0,,,
PHANDICP,PHANDICP,0,,,
PHBPMED,PHBPMED,0,,,
PHEARING,PHEARING,0,,,
PHEARTAT,PHEARTAT,0,,,
PHEARTRX,PHEARTRX,0,,,
PHEM,PHEM,0,,,
PHEMORR,PHEMORR,0,,,
PHGBLPRS,PHGBLPRS,0,,,
PHGCHOLS,PHGCHOLS,0,,,
PHOFFERS,PHOFFERS,0,,,
PHORM,PHORM,0,,,
PHRL,PHRL,0,,,
PHRTACID,PHRTACID,0,,,
PHRTMEDS,PHRTMEDS,0,,,
PIBS,PIBS,0,,,
PILOTS,PILOTS,0,,,
PIMITREX,PIMITREX,0,,,
PIMPOTNC,PIMPOTNC,0,,,
PINSOMNA,PINSOMNA,0,,,
PJPAIN,PJPAIN,0,,,
PKID,PKID,0,,,
PLAC,PLAC,0,,,
PLASERVC,PLASERVC,0,,,
PLIPITOR,PLIPITOR,0,,,
PMENSTRL,PMENSTRL,0,,,
PMIGRHED,PMIGRHED,0,,,
PMONITOR,PMONITOR,0,,,
PMULTSCL,PMULTSCL,0,,,
PNAILFUN,PNAILFUN,0,,,
PNLFUNGS,PNLFUNGS,0,,,
PNSLALRG,PNSLALRG,0,,,
POBESITM,POBESITM,0,,,
POBESITY,POBESITY,0,,,
POEP,POEP,0,,,
POLICYHOLDER_AGE,POLICYHOLDER_AGE,0,,,
PORALINJ,PORALINJ,0,,,
POSTEOA,POSTEOA,0,,,
POSTEOP,POSTEOP,0,,,
POSTMEDS,POSTMEDS,0,,,
PPAIN,PPAIN,0,,,
PPREMARN,PPREMARN,0,,,
PPRESENT,PPRESENT,0,,,
PPRK,PPRK,0,,,
PPROSCAN,PPROSCAN,0,,,
PPROSTAT,PPROSTAT,0,,,
PPSORIAS,PPSORIAS,0,,,
PRCNT_1STMTGCREDIT,PRCNT_1STMTGCREDIT,0,,,
PRCNT_AGENCYFIRSTMTG,PRCNT_AGENCYFIRSTMTG,0,,,
PRCNT_AUTOBANK,PRCNT_AUTOBANK,0,,,
PRCNT_AUTOFINANCE,PRCNT_AUTOFINANCE,0,,,
PRCNT_AUTOLOANMATURATION,PRCNT_AUTOLOANMATURATION,0,,,
PRCNT_BANKCARDCREDIT,PRCNT_BANKCARDCREDIT,0,,,
PRCNT_CONSUMERFINANCE,PRCNT_CONSUMERFINANCE,0,,,
PRCNT_HELOC,PRCNT_HELOC,0,,,
PRCNT_HOMEEQUITYLOANS,PRCNT_HOMEEQUITYLOANS,0,,,
PRCNT_INQUIRIES,PRCNT_INQUIRIES,0,,,
PRCNT_MTGCREDIT,PRCNT_MTGCREDIT,0,,,
PRCNT_NEWAUTOLOAN,PRCNT_NEWAUTOLOAN,0,,,
PRCNT_NEWMTGTRADE,PRCNT_NEWMTGTRADE,0,,,
PRCNT_NONAGNFIRSTMTG,PRCNT_NONAGNFIRSTMTG,0,,,
PRCNT_NONMTGCREDIT,PRCNT_NONMTGCREDIT,0,,,
PRCNT_OTHERNONMTG,PRCNT_OTHERNONMTG,0,,,
PRCNT_RETAILCREDIT,PRCNT_RETAILCREDIT,0,,,
PRCNT_TOTALALLCREDIT,PRCNT_TOTALALLCREDIT,0,,,
PRDM,PRDM,0,,,
PREF_DISC_F,PREF_DISC_F,0,,,
PRESCA,PRESCA,0,,,
PRESHI,PRESHI,0,,,
PRESMI,PRESMI,0,,,
PRESRI,PRESRI,0,,,
PRESSURV,PRESSURV,0,,,
PRESTI,PRESTI,0,,,
PRHEUMTS,PRHEUMTS,0,,,
PRIMARY_INSURED_FLAG,PRIMARY_INSURED_FLAG,0,,,
PRODUCT_PLCY_LIVES,PRODUCT_PLCY_LIVES,0,,,
PSCAR,PSCAR,0,,,
PSINUSIT,PSINUSIT,0,,,
PSIR,PSIR,0,,,
PSKINMED,PSKINMED,0,,,
PSLPMEDS,PSLPMEDS,0,,,
PSNORING,PSNORING,0,,,
PSPINAL,PSPINAL,0,,,
PTRIAL,PTRIAL,0,,,
PULCER,PULCER,0,,,
PVIAGRA,PVIAGRA,0,,,
PVIS,PVIS,0,,,
PVITSUPP,PVITSUPP,0,,,
PWEIGHT,PWEIGHT,0,,,
PWHEELCH,PWHEELCH,0,,,
QHH,QHH,0,,,
QIND,QIND,0,,,
RABIGTLL,RABIGTLL,0,,,
RACHILD,RACHILD,0,,,
RAGEN,RAGEN,0,,,
RAMEN,RAMEN,0,,,
RANOGEN,RANOGEN,0,,,
RAPETITE,RAPETITE,0,,,
RAPLUS,RAPLUS,0,,,
RARTS,RARTS,0,,,
RATEEN,RATEEN,0,,,
RAUTO,RAUTO,0,,,
RAWOMEN,RAWOMEN,0,,,
RBEAUTY,RBEAUTY,0,,,
RBOOKS,RBOOKS,0,,,
RCHILDPR,RCHILDPR,0,,,
RCOLLECT,RCOLLECT,0,,,
RCOMPHMO,RCOMPHMO,0,,,
RCRAFTS,RCRAFTS,0,,,
RDOLLARS,RDOLLARS,0,,,
RELECTNC,RELECTNC,0,,,
RETAIL,RETAIL,0,,,
RFOOD,RFOOD,0,,,
RFURNITR,RFURNITR,0,,,
RGARDEN,RGARDEN,0,,,
RGEN,RGEN,0,,,
RGIFT,RGIFT,0,,,
RHEALTH,RHEALTH,0,,,
RHMCARE,RHMCARE,0,,,
RHMFURN,RHMFURN,0,,,
RHOLIDAY,RHOLIDAY,0,,,
RHSWARE,RHSWARE,0,,,
RJEWELRY,RJEWELRY,0,,,
RLINENS,RLINENS,0,,,
RMUSIC,RMUSIC,0,,,
RNOVEL,RNOVEL,0,,,
RORDERS,RORDERS,0,,,
ROTHER,ROTHER,0,,,
RPERCARE,RPERCARE,0,,,
RPETS,RPETS,0,,,
RPHOTO,RPHOTO,0,,,
RSPECFD,RSPECFD,0,,,
RSPECGFT,RSPECGFT,0,,,
RSPORTS,RSPORTS,0,,,
RSTATION,RSTATION,0,,,
RTRAVEL,RTRAVEL,0,,,
RVIDDVD,RVIDDVD,0,,,
SEV_CARDIO_TRANS,SEV_CARDIO_TRANS,0,,,
SEV_CERV_RAWSCR,SEV_CERV_RAWSCR,0,,,
SEV_CERV_TRANS,SEV_CERV_TRANS,0,,,
SEV_DIAB_TRANS,SEV_DIAB_TRANS,0,,,
SEV_DRUG_RAWSCR,SEV_DRUG_RAWSCR,0,,,
SEV_DRUG_TRANS,SEV_DRUG_TRANS,0,,,
SEV_HERNIA_TRANS,SEV_HERNIA_TRANS,0,,,
SEV_HYPT_RAWSCR,SEV_HYPT_RAWSCR,0,,,
SEV_HYPT_TRANS,SEV_HYPT_TRANS,0,,,
SEV_MENTAL_RAWSCR,SEV_MENTAL_RAWSCR,0,,,
SEV_MENTAL_TRANS,SEV_MENTAL_TRANS,0,,,
SEV_MUSC_RAWSCR,SEV_MUSC_RAWSCR,0,,,
SEV_MUSC_TRANS,SEV_MUSC_TRANS,0,,,
SEV_NF_RAWSCR,SEV_NF_RAWSCR,0,,,
SEV_NF_TRANS,SEV_NF_TRANS,0,,,
SEV_NO_RAWSCR,SEV_NO_RAWSCR,0,,,
SEV_NO_TRANS,SEV_NO_TRANS,0,,,
SEV_NT_RAWSCR,SEV_NT_RAWSCR,0,,,
SEV_NT_TRANS,SEV_NT_TRANS,0,,,
SEV_PREG_RAWSCR,SEV_PREG_RAWSCR,0,,,
SEV_PREG_TRANS,SEV_PREG_TRANS,0,,,
SEV_RESP_RAWSCR,SEV_RESP_RAWSCR,0,,,
SEV_RESP_TRANS,SEV_RESP_TRANS,0,,,
SGDI,SGDI,0,,,
SGFA,SGFA,0,,,
SGHL,SGHL,0,,,
SGLL,SGLL,0,,,
SGOE,SGOE,0,,,
SGPA,SGPA,0,,,
SGSE,SGSE,0,,,
SGTC,SGTC,0,,,
SGUP,SGUP,0,,,
SHARED_POLICY,SHARED_POLICY,0,,,
SNOW,SNOW,0,,,
SOHOHH,SOHOHH,0,,,
SOHOIN,SOHOIN,0,,,
SPEA,SPEA,0,,,
SPEC,SPEC,0,,,
SPGD,SPGD,0,,,
SRET,SRET,0,,,
SSON,SSON,0,,,
TINS,TINS,0,,,
TRAD,TRAD,0,,,
TRVL,TRVL,0,,,
TVMA,TVMA,0,,,
U18,U18,0,,,
VAC,VAC,0,,,
VETERAN,VETERAN,0,,,
VFLAG,VFLAG,0,,,
ZAGG_AACD,ZAGG_AACD,0,,,
ZAGG_AADD,ZAGG_AADD,0,,,
ZAGG_AALL,ZAGG_AALL,0,,,
ZAGG_AALZ,ZAGG_AALZ,0,,,
ZAGG_AANG,ZAGG_AANG,0,,,
ZAGG_AANX,ZAGG_AANX,0,,,
ZAGG_AASM,ZAGG_AASM,0,,,
ZAGG_AASN,ZAGG_AASN,0,,,
ZAGG_AAST,ZAGG_AAST,0,,,
ZAGG_ABBA,ZAGG_ABBA,0,,,
ZAGG_ABBL,ZAGG_ABBL,0,,,
ZAGG_ABCE,ZAGG_ABCE,0,,,
ZAGG_ABED,ZAGG_ABED,0,,,
ZAGG_ABLD,ZAGG_ABLD,0,,,
ZAGG_ABRC,ZAGG_ABRC,0,,,
ZAGG_ABRT,ZAGG_ABRT,0,,,
ZAGG_ACDE,ZAGG_ACDE,0,,,
ZAGG_ACFS,ZAGG_ACFS,0,,,
ZAGG_ACGH,ZAGG_ACGH,0,,,
ZAGG_ACLD,ZAGG_ACLD,0,,,
ZAGG_ACNK,ZAGG_ACNK,0,,,
ZAGG_ACNS,ZAGG_ACNS,0,,,
ZAGG_ACPM,ZAGG_ACPM,0,,,
ZAGG_ACRN,ZAGG_ACRN,0,,,
ZAGG_ADAN,ZAGG_ADAN,0,,,
ZAGG_ADBT,ZAGG_ADBT,0,,,
ZAGG_ADDE,ZAGG_ADDE,0,,,
ZAGG_ADEN,ZAGG_ADEN,0,,,
ZAGG_ADEP,ZAGG_ADEP,0,,,
ZAGG_ADGS,ZAGG_ADGS,0,,,
ZAGG_ADIS,ZAGG_ADIS,0,,,
ZAGG_ADNT,ZAGG_ADNT,0,,,
ZAGG_ADOM,ZAGG_ADOM,0,,,
ZAGG_ADOT,ZAGG_ADOT,0,,,
ZAGG_ADRY,ZAGG_ADRY,0,,,
ZAGG_ADT1,ZAGG_ADT1,0,,,
ZAGG_ADT2,ZAGG_ADT2,0,,,
ZAGG_ADTU,ZAGG_ADTU,0,,,
ZAGG_ADUM,ZAGG_ADUM,0,,,
ZAGG_AECZ,ZAGG_AECZ,0,,,
ZAGG_AERC,ZAGG_AERC,0,,,
ZAGG_AFOD,ZAGG_AFOD,0,,,
ZAGG_AFTA,ZAGG_AFTA,0,,,
ZAGG_AGAS,ZAGG_AGAS,0,,,
ZAGG_AGAST,ZAGG_AGAST,0,,,
ZAGG_AGBLOOD,ZAGG_AGBLOOD,0,,,
ZAGG_AGCANCER,ZAGG_AGCANCER,0,,,
ZAGG_AGDIAB,ZAGG_AGDIAB,0,,,
ZAGG_AGDIG,ZAGG_AGDIG,0,,,
ZAGG_AGFEM,ZAGG_AGFEM,0,,,
ZAGG_AGHEART,ZAGG_AGHEART,0,,,
ZAGG_AGMALE,ZAGG_AGMALE,0,,,
ZAGG_AGMOUTH,ZAGG_AGMOUTH,0,,,
ZAGG_AGNOSE,ZAGG_AGNOSE,0,,,
ZAGG_AGPAIN,ZAGG_AGPAIN,0,,,
ZAGG_AGPROG,ZAGG_AGPROG,0,,,
ZAGG_AGPSYCO,ZAGG_AGPSYCO,0,,,
ZAGG_AGRD,ZAGG_AGRD,0,,,
ZAGG_AGRESP,ZAGG_AGRESP,0,,,
ZAGG_AGSKIN,ZAGG_AGSKIN,0,,,
ZAGG_AGURINAR,ZAGG_AGURINAR,0,,,
ZAGG_AGVSN,ZAGG_AGVSN,0,,,
ZAGG_AGWEIGHT,ZAGG_AGWEIGHT,0,,,
ZAGG_AHAR,ZAGG_AHAR,0,,,
ZAGG_AHCH,ZAGG_AHCH,0,,,
ZAGG_AHED,ZAGG_AHED,0,,,
ZAGG_AHEM,ZAGG_AHEM,0,,,
ZAGG_AHRA,ZAGG_AHRA,0,,,
ZAGG_AHRL,ZAGG_AHRL,0,,,
ZAGG_AHRT,ZAGG_AHRT,0,,,
ZAGG_AIBS,ZAGG_AIBS,0,,,
ZAGG_AILM,ZAGG_AILM,0,,,
ZAGG_AILMENT,ZAGG_AILMENT,0,,,
ZAGG_AINS,ZAGG_AINS,0,,,
ZAGG_AIRR,ZAGG_AIRR,0,,,
ZAGG_AKID,ZAGG_AKID,0,,,
ZAGG_ALAC,ZAGG_ALAC,0,,,
ZAGG_ALNG,ZAGG_ALNG,0,,,
ZAGG_AMEN,ZAGG_AMEN,0,,,
ZAGG_AMGR,ZAGG_AMGR,0,,,
ZAGG_AMLS,ZAGG_AMLS,0,,,
ZAGG_ANOS,ZAGG_ANOS,0,,,
ZAGG_AOSA,ZAGG_AOSA,0,,,
ZAGG_AOST,ZAGG_AOST,0,,,
ZAGG_APAN,ZAGG_APAN,0,,,
ZAGG_APAR,ZAGG_APAR,0,,,
ZAGG_APRK,ZAGG_APRK,0,,,
ZAGG_APT_A,ZAGG_APT_A,0,,,
ZAGG_APT_B,ZAGG_APT_B,0,,,
ZAGG_APT_C,ZAGG_APT_C,0,,,
ZAGG_APT_M,ZAGG_APT_M,0,,,
ZAGG_APT_P,ZAGG_APT_P,0,,,
ZAGG_APT_S,ZAGG_APT_S,0,,,
ZAGG_APT_W,ZAGG_APT_W,0,,,
ZAGG_ARES,ZAGG_ARES,0,,,
ZAGG_ARHM,ZAGG_ARHM,0,,,
ZAGG_ASIR,ZAGG_ASIR,0,,,
ZAGG_ASKN,ZAGG_ASKN,0,,,
ZAGG_ASNR,ZAGG_ASNR,0,,,
ZAGG_ASTK,ZAGG_ASTK,0,,,
ZAGG_ATNF,ZAGG_ATNF,0,,,
ZAGG_ATTH,ZAGG_ATTH,0,,,
ZAGG_AVIS,ZAGG_AVIS,0,,,
ZAGG_AWGH,ZAGG_AWGH,0,,,
ZAGG_BANK,ZAGG_BANK,0,,,
ZAGG_BAVGDOLL,ZAGG_BAVGDOLL,0,,,
ZAGG_BAVGOFDL,ZAGG_BAVGOFDL,0,,,
ZAGG_BAVGONDL,ZAGG_BAVGONDL,0,,,
ZAGG_BC_M,ZAGG_BC_M,0,,,
ZAGG_BC_Y,ZAGG_BC_Y,0,,,
ZAGG_BNKI,ZAGG_BNKI,0,,,
ZAGG_BOAT,ZAGG_BOAT,0,,,
ZAGG_BOFDOLLR,ZAGG_BOFDOLLR,0,,,
ZAGG_BOFORDER,ZAGG_BOFORDER,0,,,
ZAGG_BONDOLLR,ZAGG_BONDOLLR,0,,,
ZAGG_BONORDER,ZAGG_BONORDER,0,,,
ZAGG_BPCREDIT,ZAGG_BPCREDIT,0,,,
ZAGG_BPDISCVR,ZAGG_BPDISCVR,0,,,
ZAGG_BPHOUSE,ZAGG_BPHOUSE,0,,,
ZAGG_BPMASTER,ZAGG_BPMASTER,0,,,
ZAGG_BPRETAIL,ZAGG_BPRETAIL,0,,,
ZAGG_BTOTLDOL,ZAGG_BTOTLDOL,0,,,
ZAGG_C210APVT,ZAGG_C210APVT,0,,,
ZAGG_C210AUTO,ZAGG_C210AUTO,0,,,
ZAGG_C210B200,ZAGG_C210B200,0,,,
ZAGG_C210BLU,ZAGG_C210BLU,0,,,
ZAGG_C210BPVT,ZAGG_C210BPVT,0,,,
ZAGG_C210CIP,ZAGG_C210CIP,0,,,
ZAGG_C210EBI,ZAGG_C210EBI,0,,,
ZAGG_C210HMI,ZAGG_C210HMI,0,,,
ZAGG_C210HVA,ZAGG_C210HVA,0,,,
ZAGG_C210KSES,ZAGG_C210KSES,0,,,
ZAGG_C210M200,ZAGG_C210M200,0,,,
ZAGG_C210MOB,ZAGG_C210MOB,0,,,
ZAGG_C210MYS_1,ZAGG_C210MYS_1,0,,,
ZAGG_C210MYS_2,ZAGG_C210MYS_2,0,,,
ZAGG_C210MYS_3,ZAGG_C210MYS_3,0,,,
ZAGG_C210MYS_4,ZAGG_C210MYS_4,0,,,
ZAGG_C210MYS_5,ZAGG_C210MYS_5,0,,,
ZAGG_C210MYS_6,ZAGG_C210MYS_6,0,,,
ZAGG_C210MYS_7,ZAGG_C210MYS_7,0,,,
ZAGG_C210MYS_8,ZAGG_C210MYS_8,0,,,
ZAGG_C210MYS_9,ZAGG_C210MYS_9,0,,,
ZAGG_C210P00,ZAGG_C210P00,0,,,
ZAGG_C210PBL,ZAGG_C210PBL,0,,,
ZAGG_C210PHI,ZAGG_C210PHI,0,,,
ZAGG_C210PMR,ZAGG_C210PMR,0,,,
ZAGG_C210PMV,ZAGG_C210PMV,0,,,
ZAGG_C210PWC,ZAGG_C210PWC,0,,,
ZAGG_C210PWH,ZAGG_C210PWH,0,,,
ZAGG_CA00_Y,ZAGG_CA00_Y,0,,,
ZAGG_CA03,ZAGG_CA03,0,,,
ZAGG_CA03_Y,ZAGG_CA03_Y,0,,,
ZAGG_CA06,ZAGG_CA06,0,,,
ZAGG_CA06_Y,ZAGG_CA06_Y,0,,,
ZAGG_CA11,ZAGG_CA11,0,,,
ZAGG_CA16_Y,ZAGG_CA16_Y,0,,,
ZAGG_CALAGE,ZAGG_CALAGE,0,,,
ZAGG_CCW,ZAGG_CCW,0,,,
ZAGG_CE,ZAGG_CE,0,,,
ZAGG_CO,ZAGG_CO,0,,,
ZAGG_COLLEGE,ZAGG_COLLEGE,0,,,
ZAGG_CONSHOP,ZAGG_CONSHOP,0,,,
ZAGG_EMDM,ZAGG_EMDM,0,,,
ZAGG_ESTDII30,ZAGG_ESTDII30,0,,,
ZAGG_ESTDII30_0,ZAGG_ESTDII30_0,0,,,
ZAGG_ESTDII30_1,ZAGG_ESTDII30_1,0,,,
ZAGG_ESTDII30_2,ZAGG_ESTDII30_2,0,,,
ZAGG_ESTDII30_3,ZAGG_ESTDII30_3,0,,,
ZAGG_ESTDII30_4,ZAGG_ESTDII30_4,0,,,
ZAGG_ESTDII30_5,ZAGG_ESTDII30_5,0,,,
ZAGG_ESTDII30_6,ZAGG_ESTDII30_6,0,,,
ZAGG_ESTDII30_8,ZAGG_ESTDII30_8,0,,,
ZAGG_ESTDII30_9,ZAGG_ESTDII30_9,0,,,
ZAGG_ESTINC30_007,ZAGG_ESTINC30_007,0,,,
ZAGG_ESTINC30_017,ZAGG_ESTINC30_017,0,,,
ZAGG_ESTINC30_025,ZAGG_ESTINC30_025,0,,,
ZAGG_ESTINC30_035,ZAGG_ESTINC30_035,0,,,
ZAGG_ESTINC30_045,ZAGG_ESTINC30_045,0,,,
ZAGG_ESTINC30_055,ZAGG_ESTINC30_055,0,,,
ZAGG_ESTINC30_067,ZAGG_ESTINC30_067,0,,,
ZAGG_ESTINC30_087,ZAGG_ESTINC30_087,0,,,
ZAGG_ESTINC30_137,ZAGG_ESTINC30_137,0,,,
ZAGG_ESTINC30_174,ZAGG_ESTINC30_174,0,,,
ZAGG_ESTINC30_224,ZAGG_ESTINC30_224,0,,,
ZAGG_ESTINC30_324,ZAGG_ESTINC30_324,0,,,
ZAGG_ESTINC30_449,ZAGG_ESTINC30_449,0,,,
ZAGG_ESTINC30__AVE_A_,ZAGG_ESTINC30__AVE_A_,0,,,
ZAGG_FAM00__U18_,ZAGG_FAM00__U18_,0,,,
ZAGG_FAM20__N2029_,ZAGG_FAM20__N2029_,0,,,
ZAGG_FAM30__N3039_,ZAGG_FAM30__N3039_,0,,,
ZAGG_FAM40__N4049_,ZAGG_FAM40__N4049_,0,,,
ZAGG_FAM50__N5049_,ZAGG_FAM50__N5049_,0,,,
ZAGG_FAM60__N6064_,ZAGG_FAM60__N6064_,0,,,
ZAGG_FAM65__N67P_,ZAGG_FAM65__N67P_,0,,,
ZAGG_FAMP_C,ZAGG_FAMP_C,0,,,
ZAGG_FAMP_F,ZAGG_FAMP_F,0,,,
ZAGG_FAMP_G,ZAGG_FAMP_G,0,,,
ZAGG_FAMP_H,ZAGG_FAMP_H,0,,,
ZAGG_FAMP_M,ZAGG_FAMP_M,0,,,
ZAGG_FAMP_O,ZAGG_FAMP_O,0,,,
ZAGG_FAMP_P,ZAGG_FAMP_P,0,,,
ZAGG_FAMP_W,ZAGG_FAMP_W,0,,,
ZAGG_FINB,ZAGG_FINB,0,,,
ZAGG_FINC,ZAGG_FINC,0,,,
ZAGG_FINI,ZAGG_FINI,0,,,
ZAGG_FURN,ZAGG_FURN,0,,,
ZAGG_GEND_F,ZAGG_GEND_F,0,,,
ZAGG_GEND_M,ZAGG_GEND_M,0,,,
ZAGG_GROC,ZAGG_GROC,0,,,
ZAGG_HHCOMP_A,ZAGG_HHCOMP_A,0,,,
ZAGG_HHCOMP_B,ZAGG_HHCOMP_B,0,,,
ZAGG_HHCOMP_C,ZAGG_HHCOMP_C,0,,,
ZAGG_HHCOMP_D,ZAGG_HHCOMP_D,0,,,
ZAGG_HHCOMP_E,ZAGG_HHCOMP_E,0,,,
ZAGG_HHCOMP_F,ZAGG_HHCOMP_F,0,,,
ZAGG_HHCOMP_G,ZAGG_HHCOMP_G,0,,,
ZAGG_HHCOMP_H,ZAGG_HHCOMP_H,0,,,
ZAGG_HHCOMP_I,ZAGG_HHCOMP_I,0,,,
ZAGG_HHCOMP_J,ZAGG_HHCOMP_J,0,,,
ZAGG_HHCOMP_K,ZAGG_HHCOMP_K,0,,,
ZAGG_HHCOMP_L,ZAGG_HHCOMP_L,0,,,
ZAGG_HOMI,ZAGG_HOMI,0,,,
ZAGG_HOMO,ZAGG_HOMO,0,,,
ZAGG_HOMSTAT_P,ZAGG_HOMSTAT_P,0,,,
ZAGG_HOMSTAT_U,ZAGG_HOMSTAT_U,0,,,
ZAGG_HTFH,ZAGG_HTFH,0,,,
ZAGG_IC,ZAGG_IC,0,,,
ZAGG_ICCO,ZAGG_ICCO,0,,,
ZAGG_ICDO,ZAGG_ICDO,0,,,
ZAGG_ICFA,ZAGG_ICFA,0,,,
ZAGG_ICFI,ZAGG_ICFI,0,,,
ZAGG_ICOT,ZAGG_ICOT,0,,,
ZAGG_ICPL,ZAGG_ICPL,0,,,
ZAGG_ICSP,ZAGG_ICSP,0,,,
ZAGG_IDC,ZAGG_IDC,0,,,
ZAGG_IDCH,ZAGG_IDCH,0,,,
ZAGG_IDEN,ZAGG_IDEN,0,,,
ZAGG_IDHE,ZAGG_IDHE,0,,,
ZAGG_IDLOW,ZAGG_IDLOW,0,,,
ZAGG_IDOG,ZAGG_IDOG,0,,,
ZAGG_IDPC,ZAGG_IDPC,0,,,
ZAGG_IDPL,ZAGG_IDPL,0,,,
ZAGG_IDVE,ZAGG_IDVE,0,,,
ZAGG_IDVIT,ZAGG_IDVIT,0,,,
ZAGG_IDWGHT,ZAGG_IDWGHT,0,,,
ZAGG_IGC,ZAGG_IGC,0,,,
ZAGG_IHBA,ZAGG_IHBA,0,,,
ZAGG_IHBEAD,ZAGG_IHBEAD,0,,,
ZAGG_IHBI,ZAGG_IHBI,0,,,
ZAGG_IHCA,ZAGG_IHCA,0,,,
ZAGG_IHCAC,ZAGG_IHCAC,0,,,
ZAGG_IHCF,ZAGG_IHCF,0,,,
ZAGG_IHCG,ZAGG_IHCG,0,,,
ZAGG_IHCI,ZAGG_IHCI,0,,,
ZAGG_IHCLF,ZAGG_IHCLF,0,,,
ZAGG_IHCO,ZAGG_IHCO,0,,,
ZAGG_IHCR,ZAGG_IHCR,0,,,
ZAGG_IHEX,ZAGG_IHEX,0,,,
ZAGG_IHGA,ZAGG_IHGA,0,,,
ZAGG_IHGF,ZAGG_IHGF,0,,,
ZAGG_IHGREEN,ZAGG_IHGREEN,0,,,
ZAGG_IHGV,ZAGG_IHGV,0,,,
ZAGG_IHH,ZAGG_IHH,0,,,
ZAGG_IHHI,ZAGG_IHHI,0,,,
ZAGG_IHHS,ZAGG_IHHS,0,,,
ZAGG_IHIGHSCL,ZAGG_IHIGHSCL,0,,,
ZAGG_IHKN,ZAGG_IHKN,0,,,
ZAGG_IHLO,ZAGG_IHLO,0,,,
ZAGG_IHPH,ZAGG_IHPH,0,,,
ZAGG_IHQU,ZAGG_IHQU,0,,,
ZAGG_IHSCRAP,ZAGG_IHSCRAP,0,,,
ZAGG_IHSE,ZAGG_IHSE,0,,,
ZAGG_IHSPTWEL,ZAGG_IHSPTWEL,0,,,
ZAGG_IHSW,ZAGG_IHSW,0,,,
ZAGG_IHTH,ZAGG_IHTH,0,,,
ZAGG_IHWI,ZAGG_IHWI,0,,,
ZAGG_IIND,ZAGG_IIND,0,,,
ZAGG_ILOR,ZAGG_ILOR,0,,,
ZAGG_ILOR_0607,ZAGG_ILOR_0607,0,,,
ZAGG_ILOR_0809,ZAGG_ILOR_0809,0,,,
ZAGG_ILOR_1,ZAGG_ILOR_1,0,,,
ZAGG_ILOR_15,ZAGG_ILOR_15,0,,,
ZAGG_ILOR_2,ZAGG_ILOR_2,0,,,
ZAGG_ILOR_3,ZAGG_ILOR_3,0,,,
ZAGG_ILOR_4,ZAGG_ILOR_4,0,,,
ZAGG_IMALT,ZAGG_IMALT,0,,,
ZAGG_IMBM,ZAGG_IMBM,0,,,
ZAGG_IMBO,ZAGG_IMBO,0,,,
ZAGG_IMCL,ZAGG_IMCL,0,,,
ZAGG_IMCS,ZAGG_IMCS,0,,,
ZAGG_IMCU,ZAGG_IMCU,0,,,
ZAGG_IMDV,ZAGG_IMDV,0,,,
ZAGG_IMFO,ZAGG_IMFO,0,,,
ZAGG_IMGI,ZAGG_IMGI,0,,,
ZAGG_IMGO,ZAGG_IMGO,0,,,
ZAGG_IMHO,ZAGG_IMHO,0,,,
ZAGG_IMJA,ZAGG_IMJA,0,,,
ZAGG_IMJE,ZAGG_IMJE,0,,,
ZAGG_IMOR,ZAGG_IMOR,0,,,
ZAGG_IMOT,ZAGG_IMOT,0,,,
ZAGG_IMPS,ZAGG_IMPS,0,,,
ZAGG_IMRH,ZAGG_IMRH,0,,,
ZAGG_IMRO,ZAGG_IMRO,0,,,
ZAGG_IMSO,ZAGG_IMSO,0,,,
ZAGG_IN401K,ZAGG_IN401K,0,,,
ZAGG_INCD,ZAGG_INCD,0,,,
ZAGG_INIRA,ZAGG_INIRA,0,,,
ZAGG_INMEDI,ZAGG_INMEDI,0,,,
ZAGG_INMU,ZAGG_INMU,0,,,
ZAGG_INNOMEDI,ZAGG_INNOMEDI,0,,,
ZAGG_INRE,ZAGG_INRE,0,,,
ZAGG_INSB,ZAGG_INSB,0,,,
ZAGG_INSHOP,ZAGG_INSHOP,0,,,
ZAGG_INTSTMED,ZAGG_INTSTMED,0,,,
ZAGG_INVE,ZAGG_INVE,0,,,
ZAGG_IOAPPLE,ZAGG_IOAPPLE,0,,,
ZAGG_IOATV,ZAGG_IOATV,0,,,
ZAGG_IOCABLE,ZAGG_IOCABLE,0,,,
ZAGG_IOCD,ZAGG_IOCD,0,,,
ZAGG_IOCE,ZAGG_IOCE,0,,,
ZAGG_IODIGITL,ZAGG_IODIGITL,0,,,
ZAGG_IODOCTOR,ZAGG_IODOCTOR,0,,,
ZAGG_IODVDPLR,ZAGG_IODVDPLR,0,,,
ZAGG_IODVR,ZAGG_IODVR,0,,,
ZAGG_IOELEOT,ZAGG_IOELEOT,0,,,
ZAGG_IOFULL,ZAGG_IOFULL,0,,,
ZAGG_IOGPS,ZAGG_IOGPS,0,,,
ZAGG_IOHDTV,ZAGG_IOHDTV,0,,,
ZAGG_IOHISPED,ZAGG_IOHISPED,0,,,
ZAGG_IOHMTHR,ZAGG_IOHMTHR,0,,,
ZAGG_IOHO,ZAGG_IOHO,0,,,
ZAGG_IOLA,ZAGG_IOLA,0,,,
ZAGG_IOLP,ZAGG_IOLP,0,,,
ZAGG_IOMG,ZAGG_IOMG,0,,,
ZAGG_IOMO,ZAGG_IOMO,0,,,
ZAGG_IOOW,ZAGG_IOOW,0,,,
ZAGG_IOPART,ZAGG_IOPART,0,,,
ZAGG_IORE,ZAGG_IORE,0,,,
ZAGG_IORV,ZAGG_IORV,0,,,
ZAGG_IOR_0,ZAGG_IOR_0,0,,,
ZAGG_IOR_1,ZAGG_IOR_1,0,,,
ZAGG_IOR_2,ZAGG_IOR_2,0,,,
ZAGG_IOR_3,ZAGG_IOR_3,0,,,
ZAGG_IOR_4,ZAGG_IOR_4,0,,,
ZAGG_IOR_5,ZAGG_IOR_5,0,,,
ZAGG_IOR_6,ZAGG_IOR_6,0,,,
ZAGG_IOSA,ZAGG_IOSA,0,,,
ZAGG_IOSATELL,ZAGG_IOSATELL,0,,,
ZAGG_IOSATRAD,ZAGG_IOSATRAD,0,,,
ZAGG_IOSE,ZAGG_IOSE,0,,,
ZAGG_IOSMART,ZAGG_IOSMART,0,,,
ZAGG_IOST,ZAGG_IOST,0,,,
ZAGG_IOSW,ZAGG_IOSW,0,,,
ZAGG_IOTEACHR,ZAGG_IOTEACHR,0,,,
ZAGG_IOTR,ZAGG_IOTR,0,,,
ZAGG_IOVIDGAM,ZAGG_IOVIDGAM,0,,,
ZAGG_IPBEAUTY,ZAGG_IPBEAUTY,0,,,
ZAGG_IPCOUPON,ZAGG_IPCOUPON,0,,,
ZAGG_IPDECOR,ZAGG_IPDECOR,0,,,
ZAGG_IPDI,ZAGG_IPDI,0,,,
ZAGG_IPFFOOD,ZAGG_IPFFOOD,0,,,
ZAGG_IPOT,ZAGG_IPOT,0,,,
ZAGG_IPSPCBTY,ZAGG_IPSPCBTY,0,,,
ZAGG_IPSR,ZAGG_IPSR,0,,,
ZAGG_IPVM,ZAGG_IPVM,0,,,
ZAGG_IRAE,ZAGG_IRAE,0,,,
ZAGG_IRAS,ZAGG_IRAS,0,,,
ZAGG_IRBF,ZAGG_IRBF,0,,,
ZAGG_IRBKCLUB,ZAGG_IRBKCLUB,0,,,
ZAGG_IRBT,ZAGG_IRBT,0,,,
ZAGG_IRCH,ZAGG_IRCH,0,,,
ZAGG_IRCK,ZAGG_IRCK,0,,,
ZAGG_IRCL,ZAGG_IRCL,0,,,
ZAGG_IRCO,ZAGG_IRCO,0,,,
ZAGG_IRDEBIT,ZAGG_IRDEBIT,0,,,
ZAGG_IRDI,ZAGG_IRDI,0,,,
ZAGG_IREA,ZAGG_IREA,0,,,
ZAGG_IRFA,ZAGG_IRFA,0,,,
ZAGG_IRFINAN,ZAGG_IRFINAN,0,,,
ZAGG_IRHI,ZAGG_IRHI,0,,,
ZAGG_IRIN,ZAGG_IRIN,0,,,
ZAGG_IRMAGAZN,ZAGG_IRMAGAZN,0,,,
ZAGG_IRME,ZAGG_IRME,0,,,
ZAGG_IRMI,ZAGG_IRMI,0,,,
ZAGG_IRMY,ZAGG_IRMY,0,,,
ZAGG_IRNA,ZAGG_IRNA,0,,,
ZAGG_IROT,ZAGG_IROT,0,,,
ZAGG_IRPE,ZAGG_IRPE,0,,,
ZAGG_IRRO,ZAGG_IRRO,0,,,
ZAGG_IRSELF,ZAGG_IRSELF,0,,,
ZAGG_IRSP,ZAGG_IRSP,0,,,
ZAGG_IRSR,ZAGG_IRSR,0,,,
ZAGG_IRTHRLL,ZAGG_IRTHRLL,0,,,
ZAGG_IRTRLENT,ZAGG_IRTRLENT,0,,,
ZAGG_IRVM,ZAGG_IRVM,0,,,
ZAGG_IRWO,ZAGG_IRWO,0,,,
ZAGG_ISBB,ZAGG_ISBB,0,,,
ZAGG_ISBK,ZAGG_ISBK,0,,,
ZAGG_ISBO,ZAGG_ISBO,0,,,
ZAGG_ISBY,ZAGG_ISBY,0,,,
ZAGG_ISCA,ZAGG_ISCA,0,,,
ZAGG_ISEXTREM,ZAGG_ISEXTREM,0,,,
ZAGG_ISFI,ZAGG_ISFI,0,,,
ZAGG_ISFO,ZAGG_ISFO,0,,,
ZAGG_ISFS,ZAGG_ISFS,0,,,
ZAGG_ISGO,ZAGG_ISGO,0,,,
ZAGG_ISHO,ZAGG_ISHO,0,,,
ZAGG_ISHU,ZAGG_ISHU,0,,,
ZAGG_ISHUM,ZAGG_ISHUM,0,,,
ZAGG_ISMTRCRS,ZAGG_ISMTRCRS,0,,,
ZAGG_ISNA,ZAGG_ISNA,0,,,
ZAGG_ISOT,ZAGG_ISOT,0,,,
ZAGG_ISPO,ZAGG_ISPO,0,,,
ZAGG_ISROLLER,ZAGG_ISROLLER,0,,,
ZAGG_ISRU,ZAGG_ISRU,0,,,
ZAGG_ISSN,ZAGG_ISSN,0,,,
ZAGG_ISTE,ZAGG_ISTE,0,,,
ZAGG_ISWA,ZAGG_ISWA,0,,,
ZAGG_ISWL,ZAGG_ISWL,0,,,
ZAGG_ITBI,ZAGG_ITBI,0,,,
ZAGG_ITBU,ZAGG_ITBU,0,,,
ZAGG_ITCV,ZAGG_ITCV,0,,,
ZAGG_ITFF,ZAGG_ITFF,0,,,
ZAGG_ITFV,ZAGG_ITFV,0,,,
ZAGG_ITPI,ZAGG_ITPI,0,,,
ZAGG_ITPU,ZAGG_ITPU,0,,,
ZAGG_ITRV,ZAGG_ITRV,0,,,
ZAGG_ITTIME,ZAGG_ITTIME,0,,,
ZAGG_IVCR,ZAGG_IVCR,0,,,
ZAGG_IVET,ZAGG_IVET,0,,,
ZAGG_IVPARKS,ZAGG_IVPARKS,0,,,
ZAGG_KID,ZAGG_KID,0,,,
ZAGG_KID1,ZAGG_KID1,0,,,
ZAGG_KID2,ZAGG_KID2,0,,,
ZAGG_KID3,ZAGG_KID3,0,,,
ZAGG_KID4,ZAGG_KID4,0,,,
ZAGG_KID5,ZAGG_KID5,0,,,
ZAGG_LOWD,ZAGG_LOWD,0,,,
ZAGG_MEDSUP,ZAGG_MEDSUP,0,,,
ZAGG_MEDSUP_0,ZAGG_MEDSUP_0,0,,,
ZAGG_MEDSUP_1,ZAGG_MEDSUP_1,0,,,
ZAGG_MEDSUP_2,ZAGG_MEDSUP_2,0,,,
ZAGG_MEDSUP_3,ZAGG_MEDSUP_3,0,,,
ZAGG_MEDSUP_4,ZAGG_MEDSUP_4,0,,,
ZAGG_MEDSUP_7,ZAGG_MEDSUP_7,0,,,
ZAGG_MEDSUP_9,ZAGG_MEDSUP_9,0,,,
ZAGG_MEMW,ZAGG_MEMW,0,,,
ZAGG_MISC,ZAGG_MISC,0,,,
ZAGG_MOBPLUS_M,ZAGG_MOBPLUS_M,0,,,
ZAGG_MOBPLUS_P,ZAGG_MOBPLUS_P,0,,,
ZAGG_MOBPLUS_Y,ZAGG_MOBPLUS_Y,0,,,
ZAGG_MR_M,ZAGG_MR_M,0,,,
ZAGG_MR_Y,ZAGG_MR_Y,0,,,
ZAGG_MSR,ZAGG_MSR,0,,,
ZAGG_N2NCY_A,ZAGG_N2NCY_A,0,,,
ZAGG_N2NCY_B,ZAGG_N2NCY_B,0,,,
ZAGG_N2NCY_C,ZAGG_N2NCY_C,0,,,
ZAGG_N2NCY_D,ZAGG_N2NCY_D,0,,,
ZAGG_NAH19,ZAGG_NAH19,0,,,
ZAGG_NETW30_0003,ZAGG_NETW30_0003,0,,,
ZAGG_NETW30_0019,ZAGG_NETW30_0019,0,,,
ZAGG_NETW30_0037,ZAGG_NETW30_0037,0,,,
ZAGG_NETW30_0062,ZAGG_NETW30_0062,0,,,
ZAGG_NETW30_0087,ZAGG_NETW30_0087,0,,,
ZAGG_NETW30_0125,ZAGG_NETW30_0125,0,,,
ZAGG_NETW30_0200,ZAGG_NETW30_0200,0,,,
ZAGG_NETW30_0437,ZAGG_NETW30_0437,0,,,
ZAGG_NETW30_0875,ZAGG_NETW30_0875,0,,,
ZAGG_NETW30__AVE_A_,ZAGG_NETW30__AVE_A_,0,,,
ZAGG_NOC19,ZAGG_NOC19,0,,,
ZAGG_NOC19_2,ZAGG_NOC19_2,0,,,
ZAGG_NOC19_3,ZAGG_NOC19_3,0,,,
ZAGG_NOC19_4,ZAGG_NOC19_4,0,,,
ZAGG_NPH19,ZAGG_NPH19,0,,,
ZAGG_OACHILD,ZAGG_OACHILD,0,,,
ZAGG_OAGEN,ZAGG_OAGEN,0,,,
ZAGG_OAMEN,ZAGG_OAMEN,0,,,
ZAGG_OAPETITE,ZAGG_OAPETITE,0,,,
ZAGG_OAPLUS,ZAGG_OAPLUS,0,,,
ZAGG_OARTS,ZAGG_OARTS,0,,,
ZAGG_OAUTO,ZAGG_OAUTO,0,,,
ZAGG_OBEAUTY,ZAGG_OBEAUTY,0,,,
ZAGG_OBOOKS,ZAGG_OBOOKS,0,,,
ZAGG_OCHILDPR,ZAGG_OCHILDPR,0,,,
ZAGG_OCOLLECT,ZAGG_OCOLLECT,0,,,
ZAGG_OCOMPHMO,ZAGG_OCOMPHMO,0,,,
ZAGG_OCRAFTS,ZAGG_OCRAFTS,0,,,
ZAGG_OELECTNC,ZAGG_OELECTNC,0,,,
ZAGG_OFOOD,ZAGG_OFOOD,0,,,
ZAGG_OFURNITR,ZAGG_OFURNITR,0,,,
ZAGG_OGARDEN,ZAGG_OGARDEN,0,,,
ZAGG_OGEN,ZAGG_OGEN,0,,,
ZAGG_OGIFT,ZAGG_OGIFT,0,,,
ZAGG_OHEALTH,ZAGG_OHEALTH,0,,,
ZAGG_OHMCARE,ZAGG_OHMCARE,0,,,
ZAGG_OHMFURN,ZAGG_OHMFURN,0,,,
ZAGG_OHOLIDAY,ZAGG_OHOLIDAY,0,,,
ZAGG_OILC,ZAGG_OILC,0,,,
ZAGG_OJEWELRY,ZAGG_OJEWELRY,0,,,
ZAGG_OLINENS,ZAGG_OLINENS,0,,,
ZAGG_OMUSIC,ZAGG_OMUSIC,0,,,
ZAGG_ONOVEL,ZAGG_ONOVEL,0,,,
ZAGG_OOTHER,ZAGG_OOTHER,0,,,
ZAGG_OPERCARE,ZAGG_OPERCARE,0,,,
ZAGG_OPETS,ZAGG_OPETS,0,,,
ZAGG_OSPECFD,ZAGG_OSPECFD,0,,,
ZAGG_OSPECGFT,ZAGG_OSPECGFT,0,,,
ZAGG_OSPORTS,ZAGG_OSPORTS,0,,,
ZAGG_OSTATION,ZAGG_OSTATION,0,,,
ZAGG_OTRAVEL,ZAGG_OTRAVEL,0,,,
ZAGG_OVIDDVD,ZAGG_OVIDDVD,0,,,
ZAGG_PACNE,ZAGG_PACNE,0,,,
ZAGG_PADHDADD,ZAGG_PADHDADD,0,,,
ZAGG_PADHDADM,ZAGG_PADHDADM,0,,,
ZAGG_PALLERGY,ZAGG_PALLERGY,0,,,
ZAGG_PALZHMR,ZAGG_PALZHMR,0,,,
ZAGG_PANTIDEP,ZAGG_PANTIDEP,0,,,
ZAGG_PANXIETY,ZAGG_PANXIETY,0,,,
ZAGG_PARTHITS,ZAGG_PARTHITS,0,,,
ZAGG_PARTHRTS,ZAGG_PARTHRTS,0,,,
ZAGG_PASTHMAM,ZAGG_PASTHMAM,0,,,
ZAGG_PATHFOOT,ZAGG_PATHFOOT,0,,,
ZAGG_PBED,ZAGG_PBED,0,,,
ZAGG_PBIPMEDS,ZAGG_PBIPMEDS,0,,,
ZAGG_PBIPOLAR,ZAGG_PBIPOLAR,0,,,
ZAGG_PBLOOD,ZAGG_PBLOOD,0,,,
ZAGG_PBRONCH,ZAGG_PBRONCH,0,,,
ZAGG_PCANCER,ZAGG_PCANCER,0,,,
ZAGG_PCARPAL,ZAGG_PCARPAL,0,,,
ZAGG_PCHODIET,ZAGG_PCHODIET,0,,,
ZAGG_PCHOLMED,ZAGG_PCHOLMED,0,,,
ZAGG_PCLDSORE,ZAGG_PCLDSORE,0,,,
ZAGG_PCOLITIS,ZAGG_PCOLITIS,0,,,
ZAGG_PCOLON,ZAGG_PCOLON,0,,,
ZAGG_PCONSTIP,ZAGG_PCONSTIP,0,,,
ZAGG_PCOPD,ZAGG_PCOPD,0,,,
ZAGG_PCORRECT,ZAGG_PCORRECT,0,,,
ZAGG_PCROHNS,ZAGG_PCROHNS,0,,,
ZAGG_PDANDRUF,ZAGG_PDANDRUF,0,,,
ZAGG_PDENTURE,ZAGG_PDENTURE,0,,,
ZAGG_PDEPRESS,ZAGG_PDEPRESS,0,,,
ZAGG_PDETROL,ZAGG_PDETROL,0,,,
ZAGG_PDIABETE,ZAGG_PDIABETE,0,,,
ZAGG_PDIADIET,ZAGG_PDIADIET,0,,,
ZAGG_PDIAINSU,ZAGG_PDIAINSU,0,,,
ZAGG_PDIAORAL,ZAGG_PDIAORAL,0,,,
ZAGG_PDIAOTHR,ZAGG_PDIAOTHR,0,,,
ZAGG_PDIATYP1,ZAGG_PDIATYP1,0,,,
ZAGG_PDIATYP2,ZAGG_PDIATYP2,0,,,
ZAGG_PDNT,ZAGG_PDNT,0,,,
ZAGG_PDRY,ZAGG_PDRY,0,,,
ZAGG_PECZEMA,ZAGG_PECZEMA,0,,,
ZAGG_PEMPHYSM,ZAGG_PEMPHYSM,0,,,
ZAGG_PEPIL,ZAGG_PEPIL,0,,,
ZAGG_PFALLERG,ZAGG_PFALLERG,0,,,
ZAGG_PGAS,ZAGG_PGAS,0,,,
ZAGG_PGERDACD,ZAGG_PGERDACD,0,,,
ZAGG_PGINGIVT,ZAGG_PGINGIVT,0,,,
ZAGG_PGLCOPHG,ZAGG_PGLCOPHG,0,,,
ZAGG_PHAIRLSS,ZAGG_PHAIRLSS,0,,,
ZAGG_PHBPMED,ZAGG_PHBPMED,0,,,
ZAGG_PHEARING,ZAGG_PHEARING,0,,,
ZAGG_PHEARTAT,ZAGG_PHEARTAT,0,,,
ZAGG_PHEARTRX,ZAGG_PHEARTRX,0,,,
ZAGG_PHEM,ZAGG_PHEM,0,,,
ZAGG_PHEMORR,ZAGG_PHEMORR,0,,,
ZAGG_PHGBLPRS,ZAGG_PHGBLPRS,0,,,
ZAGG_PHGCHOLS,ZAGG_PHGCHOLS,0,,,
ZAGG_PHOFFERS,ZAGG_PHOFFERS,0,,,
ZAGG_PHORM,ZAGG_PHORM,0,,,
ZAGG_PHRL,ZAGG_PHRL,0,,,
ZAGG_PHRTACID,ZAGG_PHRTACID,0,,,
ZAGG_PHRTMEDS,ZAGG_PHRTMEDS,0,,,
ZAGG_PIBS,ZAGG_PIBS,0,,,
ZAGG_PILOTS,ZAGG_PILOTS,0,,,
ZAGG_PIMITREX,ZAGG_PIMITREX,0,,,
ZAGG_PIMPOTNC,ZAGG_PIMPOTNC,0,,,
ZAGG_PJTPAIN,ZAGG_PJTPAIN,0,,,
ZAGG_PKID,ZAGG_PKID,0,,,
ZAGG_PLAC,ZAGG_PLAC,0,,,
ZAGG_PLASERVC,ZAGG_PLASERVC,0,,,
ZAGG_PLIPITOR,ZAGG_PLIPITOR,0,,,
ZAGG_PMENSTRL,ZAGG_PMENSTRL,0,,,
ZAGG_PMIGRHED,ZAGG_PMIGRHED,0,,,
ZAGG_PMONITOR,ZAGG_PMONITOR,0,,,
ZAGG_PMULTSCL,ZAGG_PMULTSCL,0,,,
ZAGG_PNAILFUN,ZAGG_PNAILFUN,0,,,
ZAGG_PNLFUNGS,ZAGG_PNLFUNGS,0,,,
ZAGG_PNSLALRG,ZAGG_PNSLALRG,0,,,
ZAGG_POBESITM,ZAGG_POBESITM,0,,,
ZAGG_POBESITY,ZAGG_POBESITY,0,,,
ZAGG_POC19_P,ZAGG_POC19_P,0,,,
ZAGG_POC19_Y,ZAGG_POC19_Y,0,,,
ZAGG_POEP,ZAGG_POEP,0,,,
ZAGG_PORALINJ,ZAGG_PORALINJ,0,,,
ZAGG_POSTEOP,ZAGG_POSTEOP,0,,,
ZAGG_POSTMEDS,ZAGG_POSTMEDS,0,,,
ZAGG_PPAIN,ZAGG_PPAIN,0,,,
ZAGG_PPRESENT,ZAGG_PPRESENT,0,,,
ZAGG_PPRK,ZAGG_PPRK,0,,,
ZAGG_PPROSCAN,ZAGG_PPROSCAN,0,,,
ZAGG_PPSORIAS,ZAGG_PPSORIAS,0,,,
ZAGG_PRESCA,ZAGG_PRESCA,0,,,
ZAGG_PRESHI,ZAGG_PRESHI,0,,,
ZAGG_PRESMI,ZAGG_PRESMI,0,,,
ZAGG_PRESRI,ZAGG_PRESRI,0,,,
ZAGG_PRESSURV,ZAGG_PRESSURV,0,,,
ZAGG_PRESTI,ZAGG_PRESTI,0,,,
ZAGG_PRHEUMTS,ZAGG_PRHEUMTS,0,,,
ZAGG_PRTY_I,ZAGG_PRTY_I,0,,,
ZAGG_PRTY_R,ZAGG_PRTY_R,0,,,
ZAGG_PSCAR,ZAGG_PSCAR,0,,,
ZAGG_PSLPMEDS,ZAGG_PSLPMEDS,0,,,
ZAGG_PSNORING,ZAGG_PSNORING,0,,,
ZAGG_PUBH,ZAGG_PUBH,0,,,
ZAGG_PULCER,ZAGG_PULCER,0,,,
ZAGG_PVIAGRA,ZAGG_PVIAGRA,0,,,
ZAGG_PVIS,ZAGG_PVIS,0,,,
ZAGG_PVITSUPP,ZAGG_PVITSUPP,0,,,
ZAGG_PWEIGHT,ZAGG_PWEIGHT,0,,,
ZAGG_PWHEELCH,ZAGG_PWHEELCH,0,,,
ZAGG_QHH,ZAGG_QHH,0,,,
ZAGG_QIND,ZAGG_QIND,0,,,
ZAGG_RABIGTLL,ZAGG_RABIGTLL,0,,,
ZAGG_RAGEN,ZAGG_RAGEN,0,,,
ZAGG_RAMEN,ZAGG_RAMEN,0,,,
ZAGG_RAPETITE,ZAGG_RAPETITE,0,,,
ZAGG_RAPLUS,ZAGG_RAPLUS,0,,,
ZAGG_RARTS,ZAGG_RARTS,0,,,
ZAGG_RATEEN,ZAGG_RATEEN,0,,,
ZAGG_RAUTO,ZAGG_RAUTO,0,,,
ZAGG_RAWOMEN,ZAGG_RAWOMEN,0,,,
ZAGG_RBEAUTY,ZAGG_RBEAUTY,0,,,
ZAGG_RBOOKS,ZAGG_RBOOKS,0,,,
ZAGG_RCHILDPR,ZAGG_RCHILDPR,0,,,
ZAGG_RCOLLECT,ZAGG_RCOLLECT,0,,,
ZAGG_RCOMPHMO,ZAGG_RCOMPHMO,0,,,
ZAGG_RCRAFTS,ZAGG_RCRAFTS,0,,,
ZAGG_RC_M,ZAGG_RC_M,0,,,
ZAGG_RC_Y,ZAGG_RC_Y,0,,,
ZAGG_RDOLLARS,ZAGG_RDOLLARS,0,,,
ZAGG_RETAIL,ZAGG_RETAIL,0,,,
ZAGG_RFOOD,ZAGG_RFOOD,0,,,
ZAGG_RGARDEN,ZAGG_RGARDEN,0,,,
ZAGG_RGEN,ZAGG_RGEN,0,,,
ZAGG_RGIFT,ZAGG_RGIFT,0,,,
ZAGG_RHEALTH,ZAGG_RHEALTH,0,,,
ZAGG_RHMCARE,ZAGG_RHMCARE,0,,,
ZAGG_RHMFURN,ZAGG_RHMFURN,0,,,
ZAGG_RHOLIDAY,ZAGG_RHOLIDAY,0,,,
ZAGG_RHSWARE,ZAGG_RHSWARE,0,,,
ZAGG_RJEWELRY,ZAGG_RJEWELRY,0,,,
ZAGG_RMUSIC,ZAGG_RMUSIC,0,,,
ZAGG_RNOVEL,ZAGG_RNOVEL,0,,,
ZAGG_RORDERS,ZAGG_RORDERS,0,,,
ZAGG_ROTHER,ZAGG_ROTHER,0,,,
ZAGG_RPERCARE,ZAGG_RPERCARE,0,,,
ZAGG_RPETS,ZAGG_RPETS,0,,,
ZAGG_RPHOTO,ZAGG_RPHOTO,0,,,
ZAGG_RSPECFD,ZAGG_RSPECFD,0,,,
ZAGG_RSPECGFT,ZAGG_RSPECGFT,0,,,
ZAGG_RSTATION,ZAGG_RSTATION,0,,,
ZAGG_RTRAVEL,ZAGG_RTRAVEL,0,,,
ZAGG_RVIDDVD,ZAGG_RVIDDVD,0,,,
ZAGG_SGFA,ZAGG_SGFA,0,,,
ZAGG_SGHL,ZAGG_SGHL,0,,,
ZAGG_SGLL,ZAGG_SGLL,0,,,
ZAGG_SGOE,ZAGG_SGOE,0,,,
ZAGG_SGPA,ZAGG_SGPA,0,,,
ZAGG_SGSE,ZAGG_SGSE,0,,,
ZAGG_SGTC,ZAGG_SGTC,0,,,
ZAGG_SGUP,ZAGG_SGUP,0,,,
ZAGG_SNOW,ZAGG_SNOW,0,,,
ZAGG_SOHOHH,ZAGG_SOHOHH,0,,,
ZAGG_SOHOIN,ZAGG_SOHOIN,0,,,
ZAGG_SPEA,ZAGG_SPEA,0,,,
ZAGG_SPEC,ZAGG_SPEC,0,,,
ZAGG_SPENDPAT_00,ZAGG_SPENDPAT_00,0,,,
ZAGG_SPENDPAT_01,ZAGG_SPENDPAT_01,0,,,
ZAGG_SPENDPAT_02,ZAGG_SPENDPAT_02,0,,,
ZAGG_SPENDPAT_03,ZAGG_SPENDPAT_03,0,,,
ZAGG_SPENDPAT_04,ZAGG_SPENDPAT_04,0,,,
ZAGG_SPENDPAT_05,ZAGG_SPENDPAT_05,0,,,
ZAGG_SPENDPAT_07,ZAGG_SPENDPAT_07,0,,,
ZAGG_SPENDPAT_08,ZAGG_SPENDPAT_08,0,,,
ZAGG_SPENDPAT_09,ZAGG_SPENDPAT_09,0,,,
ZAGG_SPENDPAT_10,ZAGG_SPENDPAT_10,0,,,
ZAGG_SPENDPAT_11,ZAGG_SPENDPAT_11,0,,,
ZAGG_SPENDPAT_12,ZAGG_SPENDPAT_12,0,,,
ZAGG_SPENDPAT_15,ZAGG_SPENDPAT_15,0,,,
ZAGG_SPENDPAT_16,ZAGG_SPENDPAT_16,0,,,
ZAGG_SPGD,ZAGG_SPGD,0,,,
ZAGG_SRET,ZAGG_SRET,0,,,
ZAGG_TINS,ZAGG_TINS,0,,,
ZAGG_TRAD,ZAGG_TRAD,0,,,
ZAGG_TRVL,ZAGG_TRVL,0,,,
ZAGG_TUOC_A,ZAGG_TUOC_A,0,,,
ZAGG_TUOC_B,ZAGG_TUOC_B,0,,,
ZAGG_TUOC_C,ZAGG_TUOC_C,0,,,
ZAGG_TUOC_E,ZAGG_TUOC_E,0,,,
ZAGG_TUOC_G,ZAGG_TUOC_G,0,,,
ZAGG_TUOC_H,ZAGG_TUOC_H,0,,,
ZAGG_TUOC_J,ZAGG_TUOC_J,0,,,
ZAGG_TUOC_K,ZAGG_TUOC_K,0,,,
ZAGG_TUOC_L,ZAGG_TUOC_L,0,,,
ZAGG_TUOC_M,ZAGG_TUOC_M,0,,,
ZAGG_TUOC_N,ZAGG_TUOC_N,0,,,
ZAGG_TUOC_O,ZAGG_TUOC_O,0,,,
ZAGG_TUOC_P,ZAGG_TUOC_P,0,,,
ZAGG_TUOC_R,ZAGG_TUOC_R,0,,,
ZAGG_TUOC_S,ZAGG_TUOC_S,0,,,
ZAGG_TUSR,ZAGG_TUSR,0,,,
ZAGG_TVMA,ZAGG_TVMA,0,,,
ZAGG_VAC,ZAGG_VAC,0,,,
ZAGG_VETERAN,ZAGG_VETERAN,0,,,
ZAGG_VOTE,ZAGG_VOTE,0,,,
ZAGG_Z4HMVALU,ZAGG_Z4HMVALU,0,,,
ZAGG_ZINCDEC,ZAGG_ZINCDEC,0,,,
ZAGG_ZINCDEC_0,ZAGG_ZINCDEC_0,0,,,
ZAGG_ZINCDEC_2,ZAGG_ZINCDEC_2,0,,,
ZAGG_ZINCDEC_3,ZAGG_ZINCDEC_3,0,,,
ZAGG_ZINCDEC_6,ZAGG_ZINCDEC_6,0,,,
ZAGG_ZINCDEC_7,ZAGG_ZINCDEC_7,0,,,
ZAGG_ZINCDEC_8,ZAGG_ZINCDEC_8,0,,,
ZAGG_ZINCDEC_9,ZAGG_ZINCDEC_9,0,,,
ZINCDEC,ZINCDEC,0,,,
APT_A,APT_A,0,,,
APT_B,APT_B,0,,,
APT_C,APT_C,0,,,
APT_M,APT_M,0,,,
APT_N,APT_N,0,,,
APT_P,APT_P,0,,,
APT_S,APT_S,0,,,
APT_W,APT_W,0,,,
BC_M,BC_M,0,,,
BC_U,BC_U,0,,,
BC_Y,BC_Y,0,,,
C210MYS_0,C210MYS_0,0,,,
C210MYS_1,C210MYS_1,0,,,
C210MYS_2,C210MYS_2,0,,,
C210MYS_3,C210MYS_3,0,,,
C210MYS_4,C210MYS_4,0,,,
C210MYS_5,C210MYS_5,0,,,
C210MYS_6,C210MYS_6,0,,,
C210MYS_7,C210MYS_7,0,,,
C210MYS_8,C210MYS_8,0,,,
CGN1_F,CGN1_F,0,,,
CGN1_M,CGN1_M,0,,,
DPVS_D,DPVS_D,0,,,
DPVS_N,DPVS_N,0,,,
DPVS_S,DPVS_S,0,,,
DPVS_Y,DPVS_Y,0,,,
FAMP_C,FAMP_C,0,,,
FAMP_F,FAMP_F,0,,,
FAMP_G,FAMP_G,0,,,
FAMP_H,FAMP_H,0,,,
FAMP_M,FAMP_M,0,,,
FAMP_O,FAMP_O,0,,,
FAMP_P,FAMP_P,0,,,
FAMP_W,FAMP_W,0,,,
FREQ_AFTR_H,FREQ_AFTR_H,0,,,
FREQ_AFTR_M,FREQ_AFTR_M,0,,,
FREQ_AFTR_Q,FREQ_AFTR_Q,0,,,
FREQ_AFTR_Y,FREQ_AFTR_Y,0,,,
FREQ_BFOR_H,FREQ_BFOR_H,0,,,
FREQ_BFOR_M,FREQ_BFOR_M,0,,,
FREQ_BFOR_Y,FREQ_BFOR_Y,0,,,
GENDER_F,GENDER_F,0,,,
GENDER_M,GENDER_M,0,,,
GENDER_S,GENDER_S,0,,,
HHCOMP_A,HHCOMP_A,0,,,
HHCOMP_B,HHCOMP_B,0,,,
HHCOMP_C,HHCOMP_C,0,,,
HHCOMP_D,HHCOMP_D,0,,,
HHCOMP_E,HHCOMP_E,0,,,
HHCOMP_F,HHCOMP_F,0,,,
HHCOMP_G,HHCOMP_G,0,,,
HHCOMP_H,HHCOMP_H,0,,,
HHCOMP_I,HHCOMP_I,0,,,
HHCOMP_J,HHCOMP_J,0,,,
HHCOMP_K,HHCOMP_K,0,,,
HHCOMP_L,HHCOMP_L,0,,,
HHCOMP_U,HHCOMP_U,0,,,
HOMSTAT_P,HOMSTAT_P,0,,,
HOMSTAT_R,HOMSTAT_R,0,,,
HOMSTAT_T,HOMSTAT_T,0,,,
HOMSTAT_U,HOMSTAT_U,0,,,
HOMSTAT_Y,HOMSTAT_Y,0,,,
IFA_GROUP_STATE_PROD_FA,IFA_GROUP_STATE_PROD_FA,0,,,
IOR_0,IOR_0,0,,,
IOR_1,IOR_1,0,,,
IOR_3,IOR_3,0,,,
IOR_4,IOR_4,0,,,
IOR_5,IOR_5,0,,,
IOR_6,IOR_6,0,,,
MOBPLUS_M,MOBPLUS_M,0,,,
MOBPLUS_P,MOBPLUS_P,0,,,
MOBPLUS_U,MOBPLUS_U,0,,,
MOBPLUS_Y,MOBPLUS_Y,0,,,
MR_M,MR_M,0,,,
MR_U,MR_U,0,,,
MR_Y,MR_Y,0,,,
N2ALV_0,N2ALV_0,0,,,
N2ALV_B,N2ALV_B,0,,,
N2ALV_T,N2ALV_T,0,,,
N2ALV_Z,N2ALV_Z,0,,,
N2NCY_A,N2NCY_A,0,,,
N2NCY_B,N2NCY_B,0,,,
N2NCY_C,N2NCY_C,0,,,
N2NCY_D,N2NCY_D,0,,,
ONLINE_1,ONLINE_1,0,,,
ONLINE_10,ONLINE_10,0,,,
ONLINE_11,ONLINE_11,0,,,
ONLINE_12,ONLINE_12,0,,,
ONLINE_13,ONLINE_13,0,,,
ONLINE_14,ONLINE_14,0,,,
ONLINE_15,ONLINE_15,0,,,
ONLINE_16,ONLINE_16,0,,,
ONLINE_17,ONLINE_17,0,,,
ONLINE_18,ONLINE_18,0,,,
ONLINE_19,ONLINE_19,0,,,
ONLINE_2,ONLINE_2,0,,,
ONLINE_20,ONLINE_20,0,,,
ONLINE_21,ONLINE_21,0,,,
ONLINE_22,ONLINE_22,0,,,
ONLINE_23,ONLINE_23,0,,,
ONLINE_24,ONLINE_24,0,,,
ONLINE_25,ONLINE_25,0,,,
ONLINE_26,ONLINE_26,0,,,
ONLINE_27,ONLINE_27,0,,,
ONLINE_28,ONLINE_28,0,,,
ONLINE_29,ONLINE_29,0,,,
ONLINE_3,ONLINE_3,0,,,
ONLINE_30,ONLINE_30,0,,,
ONLINE_31,ONLINE_31,0,,,
ONLINE_32,ONLINE_32,0,,,
ONLINE_33,ONLINE_33,0,,,
ONLINE_34,ONLINE_34,0,,,
ONLINE_35,ONLINE_35,0,,,
ONLINE_36,ONLINE_36,0,,,
ONLINE_37,ONLINE_37,0,,,
ONLINE_38,ONLINE_38,0,,,
ONLINE_39,ONLINE_39,0,,,
ONLINE_4,ONLINE_4,0,,,
ONLINE_40,ONLINE_40,0,,,
ONLINE_41,ONLINE_41,0,,,
ONLINE_42,ONLINE_42,0,,,
ONLINE_43,ONLINE_43,0,,,
ONLINE_44,ONLINE_44,0,,,
ONLINE_45,ONLINE_45,0,,,
ONLINE_5,ONLINE_5,0,,,
ONLINE_6,ONLINE_6,0,,,
ONLINE_7,ONLINE_7,0,,,
ONLINE_8,ONLINE_8,0,,,
ONLINE_9,ONLINE_9,0,,,
PART_D,PART_D,0,,,
PART_I,PART_I,0,,,
PAY_TERM_10,PAY_TERM_10,0,,,
PAY_TERM_65,PAY_TERM_65,0,,,
PAY_TERM_L,PAY_TERM_L,0,,,
POC19_P,POC19_P,0,,,
POC19_U,POC19_U,0,,,
POC19_Y,POC19_Y,0,,,
RC_M,RC_M,0,,,
RC_U,RC_U,0,,,
RC_Y,RC_Y,0,,,
STATE_AK,STATE_AK,0,,,
STATE_AL,STATE_AL,0,,,
STATE_AR,STATE_AR,0,,,
STATE_AZ,STATE_AZ,0,,,
STATE_CA,STATE_CA,0,,,
STATE_DC,STATE_DC,0,,,
STATE_DE,STATE_DE,0,,,
STATE_FL,STATE_FL,0,,,
STATE_GA,STATE_GA,0,,,
STATE_IA,STATE_IA,0,,,
STATE_ID,STATE_ID,0,,,
STATE_IL,STATE_IL,0,,,
STATE_IN,STATE_IN,0,,,
STATE_KS,STATE_KS,0,,,
STATE_KY,STATE_KY,0,,,
STATE_LA,STATE_LA,0,,,
STATE_MD,STATE_MD,0,,,
STATE_ME,STATE_ME,0,,,
STATE_MN,STATE_MN,0,,,
STATE_MO,STATE_MO,0,,,
STATE_MS,STATE_MS,0,,,
STATE_MT,STATE_MT,0,,,
STATE_NC,STATE_NC,0,,,
STATE_ND,STATE_ND,0,,,
STATE_NE,STATE_NE,0,,,
STATE_NJ,STATE_NJ,0,,,
STATE_NM,STATE_NM,0,,,
STATE_NV,STATE_NV,0,,,
STATE_OH,STATE_OH,0,,,
STATE_OK,STATE_OK,0,,,
STATE_OR,STATE_OR,0,,,
STATE_PA,STATE_PA,0,,,
STATE_RI,STATE_RI,0,,,
STATE_SC,STATE_SC,0,,,
STATE_SD,STATE_SD,0,,,
STATE_TN,STATE_TN,0,,,
STATE_TX,STATE_TX,0,,,
STATE_UT,STATE_UT,0,,,
STATE_VA,STATE_VA,0,,,
STATE_WA,STATE_WA,0,,,
STATE_WI,STATE_WI,0,,,
STATE_WV,STATE_WV,0,,,
STATE_WY,STATE_WY,0,,,
TUOCS_B,TUOCS_B,0,,,
TUOCS_C,TUOCS_C,0,,,
TUOCS_D,TUOCS_D,0,,,
TUOCS_E,TUOCS_E,0,,,
TUOCS_F,TUOCS_F,0,,,
TUOCS_G,TUOCS_G,0,,,
TUOCS_H,TUOCS_H,0,,,
TUOCS_I,TUOCS_I,0,,,
TUOCS_J,TUOCS_J,0,,,
TUOCS_K,TUOCS_K,0,,,
TUOCS_L,TUOCS_L,0,,,
TUOCS_M,TUOCS_M,0,,,
TUOCS_N,TUOCS_N,0,,,
TUOCS_O,TUOCS_O,0,,,
TUOCS_P,TUOCS_P,0,,,
TUOCS_Q,TUOCS_Q,0,,,
TUOC_A,TUOC_A,0,,,
TUOC_B,TUOC_B,0,,,
TUOC_C,TUOC_C,0,,,
TUOC_D,TUOC_D,0,,,
TUOC_E,TUOC_E,0,,,
TUOC_F,TUOC_F,0,,,
TUOC_G,TUOC_G,0,,,
TUOC_H,TUOC_H,0,,,
TUOC_I,TUOC_I,0,,,
TUOC_J,TUOC_J,0,,,
TUOC_K,TUOC_K,0,,,
TUOC_L,TUOC_L,0,,,
TUOC_M,TUOC_M,0,,,
TUOC_N,TUOC_N,0,,,
TUOC_O,TUOC_O,0,,,
TUOC_Q,TUOC_Q,0,,,
